key,en,ko,ar,ja,source
"BLOG[0].author","CareBridge Editorial","케어브릿지 편집팀","فريق تحرير CareBridge","CareBridge 編集部","data.js"
"BLOG[0].title","A Foreigner's Guide to Health Checkups in Korea","외국인을 위한 한국 건강검진 가이드","دليل الأجانب للفحوصات الصحية في كوريا","外国人のための韓国健康診断ガイド","data.js"
"BLOG[0].excerpt","What to expect, what's included, and how to choose the right package.","무엇을 기대할 수 있는지, 무엇이 포함되는지, 알맞은 패키지를 고르는 법.","ما الذي يمكن توقعه، وما الذي يشمله الفحص، وكيف تختار الباقة المناسبة.","何が期待でき、何が含まれ、自分に合ったパッケージをどう選ぶか。","data.js"
"BLOG[0].sections[0].h","Why Korea for a health checkup","왜 한국에서 건강검진을 받을까","لماذا كوريا لإجراء الفحص الصحي","なぜ韓国で健康診断を受けるのか","data.js"
"BLOG[0].sections[0].p[0]","Korea's checkup centers combine speed, advanced imaging and value in a single half-day visit. A comprehensive package that takes weeks to arrange elsewhere is often completed before lunch here.","한국의 검진센터는 속도·첨단 영상장비·가치를 반나절 방문에 모두 담아냅니다. 다른 나라에서는 수 주가 걸리는 종합검진이 이곳에서는 점심 전에 끝나기도 합니다.","تجمع مراكز الفحص في كوريا بين السرعة والتصوير المتقدم والقيمة في زيارة واحدة تستغرق نصف يوم. فالباقة الشاملة التي تحتاج أسابيع لترتيبها في أماكن أخرى تكتمل هنا قبل الغداء غالباً.","韓国の検診センターは、スピード・先進的な画像診断・コストパフォーマンスを半日の受診にまとめています。他国では数週間かかる総合検診が、ここでは昼食前に終わることもあります。","data.js"
"BLOG[0].sections[0].p[1]","For international patients, the appeal is not only the technology but the coordination: interpreters, transport and reservations handled end to end.","해외 환자에게 매력은 기술만이 아닙니다. 통역·이동·예약까지 처음부터 끝까지 조율되는 편리함이 핵심입니다.","بالنسبة للمرضى الدوليين، لا تكمن الجاذبية في التقنية فحسب، بل في التنسيق: مترجمون ونقل وحجوزات تُدار من البداية إلى النهاية.","海外からの患者にとっての魅力は技術だけではありません。通訳・移動・予約まで一貫して手配される利便性が鍵です。","data.js"
"BLOG[0].sections[1].h","Choosing the right package","알맞은 패키지 고르기","اختيار الباقة المناسبة","自分に合ったパッケージの選び方","data.js"
"BLOG[0].sections[1].p[0]","Basic packages cover blood work, an abdominal ultrasound and a chest X-ray. Premium tiers add endoscopy, low-dose CT and brain MRI. Start from your age, family history and the organs you want screened.","기본 패키지는 혈액검사·복부초음파·흉부 X-ray를 포함합니다. 프리미엄은 내시경·저선량 CT·뇌 MRI가 더해집니다. 나이·가족력·검진하고 싶은 장기를 기준으로 선택하세요.","تشمل الباقات الأساسية تحاليل الدم وتصوير البطن بالموجات فوق الصوتية وأشعة الصدر السينية. وتضيف الباقات المميّزة التنظير والأشعة المقطعية منخفضة الجرعة والرنين المغناطيسي للدماغ. ابدأ من عمرك وتاريخك العائلي والأعضاء التي تريد فحصها.","基本パッケージには血液検査・腹部超音波・胸部レントゲンが含まれます。プレミアムでは内視鏡・低線量CT・脳MRIが加わります。年齢・家族歴・検査したい臓器を基準に選びましょう。","data.js"
"BLOG[0].sections[2].h","The day of your checkup","검진 당일 흐름","يوم الفحص","検診当日の流れ","data.js"
"BLOG[0].sections[2].p[0]","Fast for 8 hours beforehand. On arrival you'll change, complete a questionnaire, then move through stations in sequence. Results for most items are ready the same day, with a doctor's consultation to close.","8시간 금식 후 방문합니다. 도착하면 검진복으로 갈아입고 문진표를 작성한 뒤 순서대로 검사 스테이션을 이동합니다. 대부분 항목은 당일 결과가 나오며, 의사 상담으로 마무리합니다.","صُم لمدة 8 ساعات قبل الموعد. عند الوصول ستبدّل ملابسك وتملأ استبياناً ثم تنتقل بين محطات الفحص بالترتيب. تكون نتائج معظم البنود جاهزة في اليوم نفسه، وتُختتم باستشارة الطبيب.","事前に8時間絶食します。到着後は検診着に着替え、問診票を記入し、各検査を順に受けます。多くの項目は当日中に結果が出て、医師の相談で締めくくります。","data.js"
"BLOG[0].sections[3].h","Reading your report","리포트 해석하기","قراءة تقريرك","検査レポートの読み方","data.js"
"BLOG[0].sections[3].p[0]","CareBridge issues a translated report and, when needed, connects you with a specialist for follow-up back home. Keep the file — it's the baseline for your next visit.","케어브릿지은 번역된 리포트를 발급하고, 필요 시 귀국 후 추적을 위해 전문의를 연결합니다. 파일은 보관하세요. 다음 검진의 기준선이 됩니다.","يصدر CareBridge تقريراً مترجماً، وعند الحاجة يصلك بأخصائي للمتابعة بعد عودتك إلى بلدك. احتفظ بالملف — فهو خط الأساس لزيارتك القادمة.","CareBridge は翻訳済みのレポートを発行し、必要に応じて帰国後のフォローアップのために専門医をご紹介します。ファイルは保管してください — 次回検診の基準になります。","data.js"
"BLOG[1].author","Dr. J. Kim","김 원장","د. ج. كيم","キム・J 医師","data.js"
"BLOG[1].title","Why SMILE LASIK Is So Popular in Korea","한국에서 스마일 라식이 인기 있는 이유","لماذا يحظى SMILE LASIK بشعبية كبيرة في كوريا","韓国でSMILE LASIKが人気の理由","data.js"
"BLOG[1].excerpt","Minimally-invasive, fast recovery, and trusted surgeons.","최소 침습, 빠른 회복, 신뢰받는 의료진.","تدخل جراحي طفيف، وتعافٍ سريع، وجراحون موثوقون.","低侵襲、早い回復、信頼できる医師。","data.js"
"BLOG[1].sections[0].h","What makes SMILE different","스마일이 다른 점","ما الذي يميّز SMILE","SMILE の違いとは","data.js"
"BLOG[1].sections[0].p[0]","SMILE uses a tiny 2–4mm incision instead of the larger flap of traditional LASIK. Less surface disruption means faster healing and noticeably less dry eye.","스마일은 전통 라식의 큰 절편 대신 2~4mm의 작은 절개를 사용합니다. 표면 손상이 적어 회복이 빠르고 안구건조가 눈에 띄게 적습니다.","يستخدم SMILE شقاً صغيراً بحجم 2–4 مم بدلاً من السديلة الأكبر في الليزك التقليدي. وقلة اضطراب السطح تعني تعافياً أسرع وجفاف عين أقل بشكل ملحوظ.","SMILE は従来のLASIKの大きなフラップではなく、2〜4mmの小さな切開で行います。表面へのダメージが少ないため、回復が早く、ドライアイも明らかに軽減されます。","data.js"
"BLOG[1].sections[1].h","High volume, refined technique","높은 시술량, 정교해진 기술","حجم مرتفع وتقنية متقنة","豊富な症例数と洗練された技術","data.js"
"BLOG[1].sections[1].p[0]","Seoul's leading clinics perform SMILE at scale, and that repetition sharpens outcomes. Ask for the surgeon's case count and complication rate — reputable centers share it openly.","서울의 선도 클리닉은 스마일을 대량으로 시행하며, 그 반복이 결과를 정교하게 만듭니다. 집도의의 케이스 수와 합병증률을 물어보세요. 신뢰할 만한 센터는 이를 투명하게 공개합니다.","تُجري عيادات سيول الرائدة عمليات SMILE على نطاق واسع، وهذا التكرار يصقل النتائج. اسأل عن عدد حالات الجرّاح ومعدّل المضاعفات — فالمراكز الموثوقة تشاركها بصراحة.","ソウルの主要クリニックは SMILE を大量に手がけており、その積み重ねが結果を精緻にします。執刀医の症例数と合併症率を尋ねましょう — 信頼できる施設は率直に開示します。","data.js"
"BLOG[1].sections[2].h","Are you a candidate?","나는 대상이 될까?","هل أنت مرشّح مناسب؟","あなたは適応対象ですか？","data.js"
"BLOG[1].sections[2].p[0]","Stable prescription, healthy corneal thickness and no active eye disease are the baseline. A pre-op exam confirms fit; CareBridge can arrange it on the same trip as your consultation.","안정된 도수, 충분한 각막 두께, 활동성 안질환이 없는 것이 기본 조건입니다. 수술 전 검사로 적합성을 확인하며, 케어브릿지이 상담과 같은 일정으로 잡아드립니다.","الوصفة المستقرة وسماكة القرنية الصحية وعدم وجود مرض عيني نشط هي الحد الأساسي. ويؤكّد فحص ما قبل العملية مدى الملاءمة؛ ويمكن لـ CareBridge ترتيبه في نفس رحلة استشارتك.","安定した度数、十分な角膜厚、活動性の眼疾患がないことが基本条件です。術前検査で適応を確認します。CareBridge が相談と同じ日程で手配できます。","data.js"
"BLOG[2].author","CareBridge Editorial","케어브릿지 편집팀","فريق تحرير CareBridge","CareBridge 編集部","data.js"
"BLOG[2].title","Medical Tax Refund for Foreign Patients","외국인 환자를 위한 의료 세금 환급","استرداد الضرائب الطبية للمرضى الأجانب","外国人患者のための医療費税金還付","data.js"
"BLOG[2].excerpt","How to claim your refund at the airport — step by step.","공항에서 환급받는 법 — 단계별 안내.","كيفية استرداد مبلغك في المطار — خطوة بخطوة.","空港で還付を受ける方法 — ステップごとに解説。","data.js"
"BLOG[2].sections[0].h","What qualifies","환급 대상","ما الذي يكون مؤهلاً","還付の対象","data.js"
"BLOG[2].sections[0].p[0]","Cosmetic and selected elective procedures at registered clinics qualify for a foreigner medical tax refund. Your clinic marks eligibility on the receipt at checkout.","등록된 의료기관의 미용·일부 선택 시술은 외국인 의료 세금 환급 대상입니다. 결제 시 병원이 영수증에 대상 여부를 표시합니다.","تكون إجراءات التجميل وبعض الإجراءات الاختيارية في العيادات المسجّلة مؤهلة لاسترداد الضريبة الطبية للأجانب. وتحدّد عيادتك الأهلية على الإيصال عند الدفع.","登録医療機関での美容および一部の選択的施術は、外国人向け医療税還付の対象です。会計時にクリニックが領収書に対象可否を記載します。","data.js"
"BLOG[2].sections[1].h","Keep these documents","챙겨야 할 서류","احتفظ بهذه المستندات","保管すべき書類","data.js"
"BLOG[2].sections[1].p[0]","Hold on to the tax-refund receipt and the documents CareBridge issues. You'll need your passport and the original receipts at the kiosk.","세금환급 영수증과 케어브릿지이 발급한 서류를 보관하세요. 키오스크에서 여권과 원본 영수증이 필요합니다.","احتفظ بإيصال استرداد الضريبة وبالمستندات التي يصدرها CareBridge. ستحتاج إلى جواز سفرك والإيصالات الأصلية عند الكشك.","税還付の領収書と CareBridge が発行する書類を保管してください。キオスクではパスポートと原本の領収書が必要です。","data.js"
"BLOG[2].sections[2].h","Claiming at the airport","공항에서 환급받기","الاسترداد في المطار","空港での還付手続き","data.js"
"BLOG[2].sections[2].p[0]","Before departure, scan your documents at the airport refund kiosk and receive cash or a card refund. Allow extra time during peak travel hours.","출국 전 공항 환급 키오스크에서 서류를 스캔하고 현금 또는 카드로 환급받으세요. 성수기에는 여유 시간을 두세요.","قبل المغادرة، امسح مستنداتك ضوئياً في كشك الاسترداد بالمطار واحصل على المبلغ نقداً أو على البطاقة. واحتسب وقتاً إضافياً في ساعات الذروة.","出国前に空港の還付キオスクで書類をスキャンし、現金またはカードで還付を受けます。繁忙時間帯は余裕をもってお越しください。","data.js"
"BLOG[3].author","CareBridge Editorial","케어브릿지 편집팀","فريق تحرير CareBridge","CareBridge 編集部","data.js"
"BLOG[3].title","Where to Recover in Seoul After a Procedure","시술 후 서울에서 회복하기 좋은 곳","أين تتعافى في سيول بعد الإجراء","施術後、ソウルで回復するのに適した場所","data.js"
"BLOG[3].excerpt","Quiet neighborhoods, aftercare-friendly stays and how to plan a comfortable recovery window.","조용한 동네, 회복에 좋은 숙소, 그리고 편안한 회복 기간을 계획하는 법.","أحياء هادئة، وأماكن إقامة مناسبة للرعاية اللاحقة، وكيفية التخطيط لفترة تعافٍ مريحة.","静かな街、アフターケアに適した宿泊先、そして快適な回復期間の計画の立て方。","data.js"
"BLOG[3].sections[0].h","Plan your recovery window","회복 기간 계획하기","خطّط لفترة تعافيك","回復期間を計画する","data.js"
"BLOG[3].sections[0].p[0]","Match your stay to the procedure. A day checkup needs no downtime; surgery may call for several quiet days near your clinic before you're cleared to fly.","시술에 맞춰 체류 기간을 정하세요. 당일 검진은 휴식이 필요 없지만, 수술은 귀국 허가 전 병원 근처에서 며칠의 안정이 필요할 수 있습니다.","طابِق مدة إقامتك مع الإجراء. فالفحص اليومي لا يتطلّب فترة نقاهة؛ أما الجراحة فقد تستدعي عدة أيام هادئة قرب عيادتك قبل السماح لك بالسفر جواً.","施術内容に合わせて滞在期間を決めましょう。日帰り検診に休養は不要ですが、手術の場合は搭乗許可が出るまでクリニック近くで数日の安静が必要なこともあります。","data.js"
"BLOG[3].sections[1].h","Aftercare-friendly stays","회복에 좋은 숙소","أماكن إقامة مناسبة للرعاية اللاحقة","アフターケアに適した宿泊先","data.js"
"BLOG[3].sections[1].p[0]","Look for step-free access, room service and proximity to your clinic. CareBridge can book partner stays with late checkout and airport transfers built in.","계단 없는 동선, 룸서비스, 병원과의 근접성을 확인하세요. 케어브릿지은 늦은 체크아웃과 공항 이동이 포함된 제휴 숙소를 예약해 드립니다.","ابحث عن مدخل خالٍ من الدرجات وخدمة الغرف والقرب من عيادتك. ويمكن لـ CareBridge حجز أماكن إقامة شريكة تشمل تسجيل خروج متأخّراً ونقلاً من المطار وإليه.","段差のない動線、ルームサービス、クリニックへの近さを確認しましょう。CareBridge はレイトチェックアウトや空港送迎付きの提携宿泊先を予約できます。","data.js"
"BLOG[3].sections[2].h","Calm neighborhoods","차분한 동네","أحياء هادئة","落ち着いた街","data.js"
"BLOG[3].sections[2].p[0]","Seocho, Yeonnam and parts of Gangnam offer quiet streets, pharmacies and cafés within walking distance — ideal while you take it easy.","서초·연남·강남 일부는 조용한 거리와 약국·카페가 도보권에 있어 편히 쉬기에 좋습니다.","توفّر سيوتشو ويونّام وأجزاء من غانغنام شوارع هادئة وصيدليات ومقاهي على مسافة قريبة سيراً — مثالية بينما تأخذ راحتك.","瑞草（ソチョ）、延南（ヨンナム）、江南（カンナム）の一部は、静かな通りや薬局・カフェが徒歩圏にあり、ゆっくり過ごすのに最適です。","data.js"
"BLOG[4].author","Dr. S. Park","박 원장","د. س. بارك","パク・S 医師","data.js"
"BLOG[4].title","Dental Implants in Korea: Quality Meets Value","한국의 임플란트: 품질과 가치의 균형","زراعة الأسنان في كوريا: الجودة تلتقي بالقيمة","韓国のインプラント：品質と価値の両立","data.js"
"BLOG[4].excerpt","Why patients travel for implants — digital planning, same-week workflows and transparent pricing.","환자들이 임플란트를 위해 한국을 찾는 이유 — 디지털 설계, 당주 진행, 투명한 가격.","لماذا يسافر المرضى لزراعة الأسنان — تخطيط رقمي، وإجراءات في نفس الأسبوع، وأسعار شفافة.","患者がインプラントのために韓国を訪れる理由 — デジタル設計、同一週での進行、透明な価格。","data.js"
"BLOG[4].sections[0].h","Digital, precise planning","디지털 정밀 설계","تخطيط رقمي دقيق","デジタルで精密な設計","data.js"
"BLOG[4].sections[0].p[0]","3D scans and guided surgery let Korean clinics place implants with tight precision, shortening chair time and improving fit.","3D 스캔과 가이드 수술로 한국 클리닉은 임플란트를 정밀하게 식립합니다. 진료 시간을 줄이고 적합도를 높입니다.","تتيح عمليات المسح ثلاثي الأبعاد والجراحة الموجَّهة للعيادات الكورية زرع الغرسات بدقة عالية، ما يقلّل وقت الجلوس على الكرسي ويحسّن الملاءمة.","3Dスキャンとガイドサージェリーにより、韓国のクリニックはインプラントを高精度で埋入し、チェアタイムを短縮して適合性を高めます。","data.js"
"BLOG[4].sections[1].h","A realistic timeline","현실적인 일정","جدول زمني واقعي","現実的なスケジュール","data.js"
"BLOG[4].sections[1].p[0]","Osseointegration still takes months, but the surgical and prosthetic visits can be compressed. Plan two trips, or a single longer stay with CareBridge coordinating both stages.","골유착에는 여전히 수개월이 걸리지만, 수술과 보철 방문은 압축할 수 있습니다. 두 번의 방문 또는 케어브릿지이 두 단계를 조율하는 한 번의 긴 체류를 계획하세요.","لا يزال الاندماج العظمي يستغرق أشهراً، لكن يمكن ضغط زيارات الجراحة والتركيبات. خطّط لرحلتين، أو لإقامة واحدة أطول ينسّق فيها CareBridge كلتا المرحلتين.","骨結合には依然として数か月かかりますが、手術と補綴の通院は圧縮できます。2回の渡航、または CareBridge が両段階を調整する1回の長期滞在を計画しましょう。","data.js"
"BLOG[5].author","CareBridge Editorial","케어브릿지 편집팀","فريق تحرير CareBridge","CareBridge 編集部","data.js"
"BLOG[5].title","Understanding Korea's Medical Visa","한국 의료 비자 완전 정복","دليلك إلى التأشيرة الطبية الكورية","韓国の医療ビザ完全ガイド","data.js"
"BLOG[5].excerpt","Who needs one, what documents to prepare, and how CareBridge supports your application.","누가 필요하고, 어떤 서류를 준비하며, 케어브릿지이 신청을 어떻게 돕는지.","من يحتاجها، وما المستندات التي يجب تجهيزها، وكيف يدعم CareBridge طلبك.","誰に必要か、どんな書類を準備するか、そして CareBridge がどう申請を支援するか。","data.js"
"BLOG[5].sections[0].h","Who needs a medical visa","누가 의료 비자가 필요한가","من يحتاج إلى تأشيرة طبية","医療ビザが必要な人","data.js"
"BLOG[5].sections[0].p[0]","Short checkups often fit within a tourist entry, but longer treatment or repeated visits may call for a C-3-3 or G-1-10 medical visa. Your treatment plan determines the route.","짧은 검진은 관광 입국으로 가능하지만, 장기 치료나 반복 방문은 C-3-3 또는 G-1-10 의료 비자가 필요할 수 있습니다. 치료 계획이 경로를 결정합니다.","غالباً ما تتّسع تأشيرة السياحة للفحوصات القصيرة، لكن العلاج الأطول أو الزيارات المتكرّرة قد يتطلّب تأشيرة طبية من نوع C-3-3 أو G-1-10. وخطة علاجك هي التي تحدّد المسار.","短期の検診は観光入国で対応できることが多いですが、長期治療や繰り返しの来訪には C-3-3 または G-1-10 医療ビザが必要になる場合があります。治療計画によって経路が決まります。","data.js"
"BLOG[5].sections[1].h","Documents to prepare","준비할 서류","المستندات المطلوب تجهيزها","準備する書類","data.js"
"BLOG[5].sections[1].p[0]","You'll typically need a treatment confirmation from the hospital, proof of funds and travel details. CareBridge issues the medical documentation invitation letters rely on.","보통 병원의 진료 확인서, 재정 증빙, 여행 정보가 필요합니다. 케어브릿지은 초청장이 근거로 삼는 의료 서류를 발급합니다.","ستحتاج عادةً إلى تأكيد علاج من المستشفى وإثبات مالي وتفاصيل السفر. ويصدر CareBridge المستندات الطبية التي تعتمد عليها خطابات الدعوة.","通常、病院の治療確認書、資金証明、渡航情報が必要です。CareBridge は招へい状の根拠となる医療書類を発行します。","data.js"
"BLOG[5].sections[2].h","How CareBridge helps","케어브릿지의 지원","كيف يساعد CareBridge","CareBridge の支援","data.js"
"BLOG[5].sections[2].p[0]","From the invitation letter to appointment scheduling that matches your visa window, we align the paperwork with your itinerary so nothing stalls at the consulate.","초청장부터 비자 기간에 맞춘 예약까지, 서류와 일정을 정렬해 영사관에서 지체되는 일이 없도록 합니다.","من خطاب الدعوة إلى جدولة المواعيد بما يتوافق مع فترة تأشيرتك، ننسّق الأوراق مع برنامج رحلتك حتى لا يتعطّل شيء لدى القنصلية.","招へい状からビザ期間に合わせた予約調整まで、書類と日程を整合させ、領事館で滞ることがないようにします。","data.js"
"BLOG_CATS[0]","Health Checkup","건강검진","","","data.js"
"BLOG_CATS[1]","Procedures","시술·수술","","","data.js"
"BLOG_CATS[2]","Travel Guide","여행 가이드","","","data.js"
"BLOG_CATS[3]","Insights","인사이트","","","data.js"
"CERTS.title","Officially Certified by the Korean Government.","대한민국 정부 공식 인증.","معتمد رسميًّا من الحكومة الكورية.","大韓民国政府による公式認証。","data.js"
"CERTS.orgs[0].sub","Medical Korea","메디컬 코리아","Medical Korea","Medical Korea","data.js"
"CERTS.orgs[1].sub","Ministry of Health and Welfare","보건복지부","وزارة الصحة والرعاية الاجتماعية","保健福祉部","data.js"
"CERTS.orgs[2].sub","Korea Health Industry Development Institute","한국보건산업진흥원","المعهد الكوري لتطوير الصناعة الصحية","韓国保健産業振興院","data.js"
"CHECKUP.eyebrow","Health Check-up","건강검진","الفحص الصحي","健康診断","data.js"
"CHECKUP.title","Health Check-up","건강검진","الفحص الصحي","健康診断","data.js"
"CHECKUP.sub","Korea offers health checkups with cutting-edge technology and affordable prices — helping you live longer, healthier, and worry-free.","한국은 최첨단 기술과 합리적인 가격의 건강검진을 제공합니다 — 더 길고, 더 건강하고, 걱정 없는 삶을 돕습니다.","تقدّم كوريا فحوصات صحية بتقنيات متطورة وأسعار معقولة — لمساعدتك على حياة أطول وأكثر صحة وخالية من القلق.","韓国は最先端の技術とお手頃な価格で健康診断を提供し、より長く、より健康で、心配のない生活をサポートします。","data.js"
"CHECKUP.packages[0].tag","EXCLUSIVE","단독","حصري","限定","data.js"
"CHECKUP.packages[0].name","Comprehensive Check-up","종합 건강검진","الفحص الشامل","総合健康診断","data.js"
"CHECKUP.packages[0].desc","A wide-range screening covering blood, imaging and core organ function — the essential annual checkup.","혈액·영상·핵심 장기 기능을 폭넓게 검사하는 필수 연간 검진.","فحص واسع النطاق يشمل الدم والتصوير ووظائف الأعضاء الأساسية — الفحص السنوي الضروري.","血液・画像診断・主要臓器機能を幅広くカバーする、欠かせない年次検診。","data.js"
"CHECKUP.packages[0].includes[0]","Blood & urine panel","혈액·소변 검사","تحليل الدم والبول","血液・尿検査","data.js"
"CHECKUP.packages[0].includes[1]","Abdominal ultrasound","복부 초음파","الموجات فوق الصوتية للبطن","腹部超音波","data.js"
"CHECKUP.packages[0].includes[2]","Chest X-ray & ECG","흉부 X-ray·심전도","أشعة الصدر السينية وتخطيط القلب","胸部X線・心電図","data.js"
"CHECKUP.packages[0].includes[3]","Gastroscopy (optional)","위내시경(선택)","تنظير المعدة (اختياري)","胃内視鏡検査（オプション）","data.js"
"CHECKUP.packages[0].includes[4]","Specialist consultation","전문의 상담","استشارة أخصائي","専門医相談","data.js"
"CHECKUP.packages[1].tag","EXCLUSIVE","단독","حصري","限定","data.js"
"CHECKUP.packages[1].name","Whole Body MRI Check-up","전신 MRI 검진","فحص MRI للجسم بالكامل","全身MRI検診","data.js"
"CHECKUP.packages[1].desc","Full-body MRI to detect tumors and abnormalities early — no radiation, high resolution.","종양·이상을 조기에 발견하는 전신 MRI — 방사선 없이 고해상도.","تصوير بالرنين المغناطيسي للجسم بالكامل للكشف المبكر عن الأورام والتشوهات — بدون إشعاع ودقة عالية.","腫瘍や異常を早期に発見する全身MRI — 被ばくなし、高解像度。","data.js"
"CHECKUP.packages[1].includes[0]","Whole-body MRI scan","전신 MRI 촬영","فحص MRI للجسم بالكامل","全身MRI撮影","data.js"
"CHECKUP.packages[1].includes[1]","Brain & spine MRI","뇌·척추 MRI","MRI للدماغ والعمود الفقري","脳・脊椎MRI","data.js"
"CHECKUP.packages[1].includes[2]","MRA vascular screening","MRA 혈관 검사","فحص الأوعية الدموية بتقنية MRA","MRA血管検査","data.js"
"CHECKUP.packages[1].includes[3]","Radiologist reading","영상의학과 판독","قراءة أخصائي الأشعة","放射線科医による読影","data.js"
"CHECKUP.packages[1].includes[4]","Comprehensive report","종합 리포트","تقرير شامل","総合レポート","data.js"
"CHECKUP.packages[2].name","Hospital-based Check-up","병원 지정 검진","فحص في المستشفى","病院指定検診","data.js"
"CHECKUP.packages[2].price","Custom","맞춤","مخصص","カスタム","data.js"
"CHECKUP.packages[2].desc","Tailored programs at top tertiary hospitals — choose the hospital and scope that fit you.","상급 종합병원의 맞춤 프로그램 — 병원과 범위를 직접 선택.","برامج مخصصة في أفضل المستشفيات الجامعية — اختر المستشفى والنطاق المناسبين لك.","上級総合病院のオーダーメイドプログラム — 病院と検査範囲をご自身で選択。","data.js"
"CHECKUP.packages[2].includes[0]","Choose your hospital","병원 직접 선택","اختر مستشفاك","病院を自由に選択","data.js"
"CHECKUP.packages[2].includes[1]","Customizable scope","범위 맞춤 구성","نطاق قابل للتخصيص","検査範囲のカスタマイズ","data.js"
"CHECKUP.packages[2].includes[2]","PET-CT add-on available","PET-CT 추가 가능","إمكانية إضافة PET-CT","PET-CT追加可能","data.js"
"CHECKUP.packages[2].includes[3]","VIP screening option","VIP 검진 옵션","خيار الفحص لكبار الشخصيات (VIP)","VIP検診オプション","data.js"
"CHECKUP.packages[2].includes[4]","Coordinator support","코디네이터 지원","دعم منسّق","コーディネーターによるサポート","data.js"
"CHECKUP.packages[3].tag","NEW","신규","جديد","新着","data.js"
"CHECKUP.packages[3].name","MRI & CT Scan","MRI·CT 스캔","فحص MRI وCT","MRI・CTスキャン","data.js"
"CHECKUP.packages[3].price","From USD 349","USD 349~","ابتداءً من 349 USD","USD 349~","data.js"
"CHECKUP.packages[3].desc","Targeted MRI and low-dose CT scans — choose by body region, from a 3-minute lung scan to a full skeletal and neurological assessment.","부위별 정밀 MRI·저선량 CT 스캔 — 3분 폐 스캔부터 전신 근골격·신경 평가까지 원하는 범위를 선택.","فحوصات MRI مستهدفة وCT بجرعة منخفضة — اختر حسب منطقة الجسم، من فحص رئة في 3 دقائق إلى تقييم شامل للهيكل العظمي والأعصاب.","部位別の精密MRIと低線量CTスキャン — 3分の肺スキャンから全身の筋骨格・神経評価まで、部位ごとに選択できます。","data.js"
"CHECKUP.packages[3].includes[0]","MRI Scan (Head/Neck/Abdomen/Pelvis)","MRI 스캔(머리/목/복부/골반)","فحص MRI (الرأس/الرقبة/البطن/الحوض)","MRIスキャン（頭部/頸部/腹部/骨盤）","data.js"
"CHECKUP.packages[3].includes[1]","MRI with Spine","MRI + 척추","MRI مع العمود الفقري","MRI + 脊椎","data.js"
"CHECKUP.packages[3].includes[2]","MRI with Skeletal & Neurological","MRI + 근골격·신경 평가","MRI مع تقييم الهيكل العظمي والأعصاب","MRI + 筋骨格・神経評価","data.js"
"CHECKUP.packages[3].includes[3]","Heart CT (CAC score)","심장 CT(CAC 점수)","CT للقلب (درجة CAC)","心臓CT（CACスコア）","data.js"
"CHECKUP.packages[3].includes[4]","Lung CT","폐 CT","CT للرئة","肺CT","data.js"
"FAQS[0].q","What is the difference between MRI and MRA?","MRI와 MRA의 차이는 무엇인가요?","ما الفرق بين MRI وMRA؟","MRIとMRAの違いは何ですか？","data.js"
"FAQS[0].a","MRI images organs and soft tissues to detect tumors and abnormalities, while MRA focuses on blood vessels to screen for aneurysms and stenosis. Our whole-body package includes both.","MRI는 장기·연조직을 촬영해 종양과 이상을 찾고, MRA는 혈관에 집중해 동맥류·협착을 검사합니다. 전신 패키지에는 두 가지가 모두 포함됩니다.","يصوّر MRI الأعضاء والأنسجة الرخوة للكشف عن الأورام والتشوهات، بينما يركّز MRA على الأوعية الدموية لفحص تمدد الأوعية والتضيّق. تشمل باقتنا للجسم بالكامل كليهما.","MRIは臓器や軟部組織を撮影して腫瘍や異常を検出し、MRAは血管に焦点を当てて動脈瘤や狭窄を検査します。全身パッケージには両方が含まれます。","data.js"
"FAQS[1].q","Is tax refund available for medical services in Korea?","한국 의료 서비스에 세금 환급이 가능한가요?","هل استرداد الضريبة متاح على الخدمات الطبية في كوريا؟","韓国の医療サービスで税金還付は受けられますか？","data.js"
"FAQS[1].a","Yes. Many cosmetic and selected medical services qualify for a foreigner tax refund. CareBridge issues the required documents at checkout so you can claim it at the airport.","네. 다수의 미용 및 일부 의료 서비스는 외국인 세금 환급 대상입니다. CareBridge이 결제 시 필요 서류를 발급해 드려 공항에서 환급받으실 수 있습니다.","نعم. تخضع العديد من الخدمات التجميلية وخدمات طبية مختارة لاسترداد الضريبة للأجانب. تصدر CareBridge المستندات المطلوبة عند الدفع لتتمكن من استرداد المبلغ في المطار.","はい。多くの美容施術および一部の医療サービスは外国人向け税金還付の対象です。CareBridgeが決済時に必要書類を発行いたしますので、空港で還付を申請できます。","data.js"
"FAQS[2].q","What is the refund policy if I cancel my reservation?","예약을 취소하면 환불 정책은 어떻게 되나요?","ما سياسة الاسترداد في حال إلغاء الحجز؟","予約をキャンセルした場合の返金規定はどうなりますか？","data.js"
"FAQS[2].a","A full refund is available if you cancel before the confirmation deadline. After confirmation, a 50% refund of the paid amount applies depending on timing.","확정 기한 이전 취소 시 전액 환불됩니다. 확정 이후에는 시점에 따라 결제 금액의 50%가 환불됩니다.","يتوفر استرداد كامل للمبلغ إذا ألغيت الحجز قبل الموعد النهائي للتأكيد. بعد التأكيد، يُطبّق استرداد بنسبة 50% من المبلغ المدفوع حسب التوقيت.","確定期限前にキャンセルされた場合は全額返金されます。確定後は、時期に応じてお支払い金額の50%が返金されます。","data.js"
"FAQS[3].q","Do I pay through CareBridge or directly at the hospital?","CareBridge을 통해 결제하나요, 병원에서 직접 결제하나요?","هل أدفع من خلال CareBridge أم مباشرةً في المستشفى؟","CareBridge経由で支払うのですか、それとも病院で直接支払うのですか？","data.js"
"FAQS[3].a","You pay a 50% deposit through CareBridge at the time of booking. The remaining balance is settled directly at the hospital after your visit.","예약 시 CareBridge을 통해 50% 예약금을 결제하고, 잔액은 방문 후 병원에서 직접 정산합니다.","تدفع عربونًا بنسبة 50% من خلال CareBridge عند الحجز. تُسدَّد المبلغ المتبقي مباشرةً في المستشفى بعد زيارتك.","予約時にCareBridge経由で50%の予約金をお支払いいただきます。残額はご来院後に病院で直接精算します。","data.js"
"FAQS[4].q","What payment methods are available?","어떤 결제 수단을 사용할 수 있나요?","ما وسائل الدفع المتاحة؟","利用できる決済方法は何ですか？","data.js"
"FAQS[4].a","On the CareBridge website, payments can be made via PayPal or major credit cards. On-site hospital payments accept cards and cash.","CareBridge 웹사이트에서는 PayPal 또는 주요 신용카드로 결제할 수 있습니다. 병원 현장 결제는 카드와 현금이 가능합니다.","على موقع CareBridge، يمكن الدفع عبر PayPal أو بطاقات الائتمان الرئيسية. أما الدفع في المستشفى فيقبل البطاقات والنقد.","CareBridgeのウェブサイトでは、PayPalまたは主要なクレジットカードでお支払いいただけます。病院での現地決済はカードと現金に対応しています。","data.js"
"FAQS[5].q","Can I book Revital treatments on the same trip as my checkup?","검진과 같은 일정에 리바이탈 시술을 예약할 수 있나요?","هل يمكنني حجز علاجات Revital في نفس الرحلة مع فحصي الصحي؟","検診と同じ旅程でRevitalの施術を予約できますか？","data.js"
"FAQS[5].a","Absolutely. Our coordinators schedule Revital procedures around your checkup so you can complete everything in one visit to Korea.","물론입니다. 코디네이터가 검진 일정에 맞춰 리바이탈 시술을 조율하여 한 번의 한국 방문으로 모두 마칠 수 있도록 합니다.","بالتأكيد. ينسّق فريق التنسيق لدينا إجراءات Revital حول موعد فحصك لتتمكن من إنجاز كل شيء في زيارة واحدة إلى كوريا.","もちろんです。コーディネーターが検診の日程に合わせてRevitalの施術を調整し、一度の韓国訪問ですべてを完了できるようにいたします。","data.js"
"FAQ_CATS[0]","All","전체","الكل","すべて","data.js"
"FAQ_CATS[1]","Checkup","검진","الفحوصات","検診","data.js"
"FAQ_CATS[2]","Revital","리바이탈","ريفيتال","Revital","data.js"
"FAQ_CATS[3]","Common","공통","عام","共通","data.js"
"HERO.badge","Korea's trusted medical expertise","한국이 신뢰하는 의료 전문성","الخبرة الطبية الموثوقة في كوريا","韓国が信頼する医療の専門性","data.js"
"HERO.title1","Healthier Tomorrow,","더 건강한 내일,","غدٌ أكثر صحة،","より健康な明日は、","data.js"
"HERO.title2","Begins Today.","오늘 시작됩니다.","يبدأ اليوم.","今日から始まる。","data.js"
"HERO.accent","With CareBridge Global.","CareBridge Global과 함께.","مع CareBridge Global.","CareBridge Globalとともに。","data.js"
"HERO.sub","CareBridge Global offers comprehensive healthcare — from preventive checkups to specialized treatments — powered by Korea's trusted medical expertise.","CareBridge Global은 예방 검진부터 전문 치료까지, 한국이 신뢰하는 의료 전문성을 바탕으로 종합 헬스케어를 제공합니다.","تقدّم CareBridge Global رعاية صحية شاملة — من الفحوصات الوقائية إلى العلاجات المتخصصة — مدعومة بالخبرة الطبية الموثوقة في كوريا.","CareBridge Globalは、予防検診から専門的な治療まで、韓国が信頼する医療の専門性を基盤とした総合ヘルスケアを提供します。","data.js"
"HERO.cta1","Explore services","서비스 둘러보기","استكشف الخدمات","サービスを見る","data.js"
"HERO.cta2","How it works →","이용 방법 →","كيف يعمل →","ご利用方法 →","data.js"
"JOURNEY.eyebrow","How it works","이용 방법","كيف يعمل","ご利用方法","data.js"
"JOURNEY.title","Your Health Journey, Made Simple.","건강 여정, 간편하게.","رحلتك الصحية، بكل بساطة.","あなたの健康の旅を、シンプルに。","data.js"
"JOURNEY.sub","From package selection to hospital visits, every step is arranged with ease.","패키지 선택부터 병원 방문까지, 모든 단계를 손쉽게 준비해 드립니다.","من اختيار الباقة إلى زيارات المستشفى، كل خطوة مُرتَّبة بسهولة.","パッケージ選びから病院への訪問まで、あらゆるステップを手軽にご準備いたします。","data.js"
"JOURNEY.steps[0]","Select your preferred package","원하는 패키지를 선택하세요","اختر الباقة المفضلة لديك","ご希望のパッケージを選択","data.js"
"JOURNEY.steps[1]","Choose your reservation date and submit","예약 날짜를 선택하고 신청하세요","اختر تاريخ الحجز وأرسل الطلب","予約日を選択して申し込み","data.js"
"JOURNEY.steps[2]","Our coordinator confirms details and finalizes options","코디네이터가 세부사항을 확인하고 옵션을 확정합니다","يؤكّد منسّقنا التفاصيل ويعتمد الخيارات","コーディネーターが詳細を確認しオプションを確定","data.js"
"JOURNEY.steps[3]","Receive your reservation confirmation","예약 확정을 받으세요","استلم تأكيد حجزك","予約確定の連絡を受け取る","data.js"
"JOURNEY.steps[4]","Hospital visit","병원 방문","زيارة المستشفى","病院への訪問","data.js"
"NAV[0]","Home","홈","الرئيسية","ホーム","data.js"
"NAV[1]","Company","회사소개","الشركة","会社紹介","data.js"
"NAV[2]","Service","서비스","الخدمات","サービス","data.js"
"NAV[2].children[0]","Treatments (Book)","시술 예약","العلاجات (الحجز)","施術予約","data.js"
"NAV[2].children[1]","Health Check-up","건강검진","الفحص الصحي","健康診断","data.js"
"NAV[2].children[2]","Revital","리바이탈","ريفيتال","Revital","data.js"
"NAV[2].children[3]","Transportation","교통","النقل","交通","data.js"
"NAV[2].children[4]","Accommodation","숙박","الإقامة","宿泊","data.js"
"NAV[2].children[5]","Tour","투어","الجولات","ツアー","data.js"
"NAV[2].children[6]","Association","제휴","الشراكات","提携","data.js"
"NAV[3]","Providers","파트너 병원","المستشفيات الشريكة","提携病院","data.js"
"NAV[4]","Contact Us","문의하기","اتصل بنا","お問い合わせ","data.js"
"NAV[5]","FAQ","자주 묻는 질문","الأسئلة الشائعة","よくある質問","data.js"
"NAV[6]","Blog","블로그","المدونة","ブログ","data.js"
"PROCEDURES[0].dept","Ophthalmology","안과","طب العيون","眼科","data.js"
"PROCEDURES[0].hospital.name","Gangnam Seoul Bright Eye Clinic","강남서울밝은안과","Gangnam Seoul Bright Eye Clinic","Gangnam Seoul Bright Eye Clinic","data.js"
"PROCEDURES[0].hospital.city","Gangnam, Seoul","서울 강남","غانغنام، سول","ソウル・江南","data.js"
"PROCEDURES[0].name","SMILE LASIK","스마일 라식","SMILE LASIK","SMILE LASIK","data.js"
"PROCEDURES[0].summary","Minimally-invasive vision correction through a tiny incision — fast recovery, low dry-eye risk.","작은 절개를 통한 최소 침습 시력 교정 — 빠른 회복, 낮은 안구건조 위험.","تصحيح للنظر بتدخل جراحي طفيف عبر شق صغير — تعافٍ سريع وخطر منخفض لجفاف العين.","小さな切開で行う低侵襲の視力矯正 — 早い回復、低いドライアイリスク。","data.js"
"PROCEDURES[0].duration","1–2 days in Korea","한국 체류 1–2일","1–2 يوم في كوريا","韓国滞在1〜2日","data.js"
"PROCEDURES[0].recovery","48h recovery","48시간 회복","تعافٍ خلال 48 ساعة","48時間で回復","data.js"
"PROCEDURES[0].includes[0]","Pre-op eye examination","수술 전 정밀 검사","فحص العين قبل الجراحة","術前精密検査","data.js"
"PROCEDURES[0].includes[1]","SMILE laser procedure (both eyes)","스마일 레이저 시술(양안)","إجراء ليزر SMILE (كلتا العينين)","SMILE LASIK施術(両眼)","data.js"
"PROCEDURES[0].includes[2]","Protective eyewear kit","보호 안경 키트","طقم نظارات واقية","保護メガネキット","data.js"
"PROCEDURES[0].includes[3]","Next-day check-up","익일 경과 검진","فحص متابعة في اليوم التالي","翌日の経過検診","data.js"
"PROCEDURES[0].options[0].group","Add-on examination","추가 검사","فحص إضافي","追加検査","data.js"
"PROCEDURES[0].options[0].items[0]","Dry-eye screening","안구건조 검사","فحص جفاف العين","ドライアイ検査","data.js"
"PROCEDURES[0].options[0].items[1]","Corneal topography","각막 지형도 검사","تضاريس القرنية","角膜形状解析(トポグラフィー)","data.js"
"PROCEDURES[0].steps[0]","Detailed pre-op exam","정밀 사전 검사","فحص دقيق قبل الجراحة","術前精密検査","data.js"
"PROCEDURES[0].steps[1]","Surgeon consultation","집도의 상담","استشارة الجراح","執刀医との相談","data.js"
"PROCEDURES[0].steps[2]","SMILE procedure (~15 min)","스마일 시술(~15분)","إجراء SMILE (~15 دقيقة)","SMILE施術(~15分)","data.js"
"PROCEDURES[0].steps[3]","Same-day discharge","당일 퇴원","الخروج في نفس اليوم","当日退院","data.js"
"PROCEDURES[0].steps[4]","Next-day check-up","익일 경과 검진","فحص متابعة في اليوم التالي","翌日の経過検診","data.js"
"PROCEDURES[0].prepare[0]","Stop wearing contact lenses 1 week prior","1주 전부터 콘택트렌즈 착용 중단","التوقف عن ارتداء العدسات اللاصقة قبل أسبوع واحد","1週間前からコンタクトレンズの装用を中止してください","data.js"
"PROCEDURES[0].prepare[1]","Arrange someone to accompany you home","귀가 시 동반자 준비","رتّب مرافقاً يعيدك إلى المنزل","帰宅時の付き添い者をご準備ください","data.js"
"PROCEDURES[1].dept","Dental","치과","طب الأسنان","歯科","data.js"
"PROCEDURES[1].hospital.name","Apgujeong Premium Dental","압구정 프리미엄 치과","عيادة أبغوجيونغ بريميوم لطب الأسنان","狎鴎亭プレミアム歯科","data.js"
"PROCEDURES[1].hospital.city","Gangnam, Seoul","서울 강남","غانغنام، سيول","ソウル・江南","data.js"
"PROCEDURES[1].name","Dental Implant","임플란트","زراعة الأسنان","デンタルインプラント","data.js"
"PROCEDURES[1].summary","Premium titanium implants with digital 3D guided placement and natural-look crowns.","디지털 3D 가이드 식립과 자연스러운 크라운의 프리미엄 티타늄 임플란트.","زراعات تيتانيوم فاخرة مع وضع موجّه رقمياً ثلاثي الأبعاد وتيجان بمظهر طبيعي.","デジタル3Dガイド埋入と自然な見た目のクラウンを備えた、プレミアムチタンインプラント。","data.js"
"PROCEDURES[1].duration","2 visits over 3 months","3개월간 2회 방문","زيارتان على مدى 3 أشهر","3か月で2回来院","data.js"
"PROCEDURES[1].recovery","~1 month","약 1개월","~1 شهر","約1か月","data.js"
"PROCEDURES[1].includes[0]","3D CT scan & planning","3D CT 촬영·계획","تصوير CT ثلاثي الأبعاد وتخطيط","3D CT撮影・計画","data.js"
"PROCEDURES[1].includes[1]","Implant fixture & abutment","임플란트 픽스처·지대주","دعامة الزرعة والغرسة","インプラントフィクスチャー・アバットメント","data.js"
"PROCEDURES[1].includes[2]","Zirconia crown","지르코니아 크라운","تاج زركونيا","ジルコニアクラウン","data.js"
"PROCEDURES[1].includes[3]","Follow-up cleaning","사후 스케일링","تنظيف للمتابعة","アフターケアのクリーニング","data.js"
"PROCEDURES[1].options[0].group","Crown material","크라운 재질","خامة التاج","クラウンの素材","data.js"
"PROCEDURES[1].options[0].items[0]","Zirconia","지르코니아","زركونيا","ジルコニア","data.js"
"PROCEDURES[1].options[0].items[1]","Gold","골드","ذهب","ゴールド","data.js"
"PROCEDURES[1].steps[0]","Consultation & 3D scan","상담·3D 스캔","استشارة ومسح ثلاثي الأبعاد","相談・3Dスキャン","data.js"
"PROCEDURES[1].steps[1]","Fixture placement","픽스처 식립","وضع الغرسة","フィクスチャー埋入","data.js"
"PROCEDURES[1].steps[2]","Healing period","골유착 기간","فترة الالتئام","治癒期間","data.js"
"PROCEDURES[1].steps[3]","Crown fitting","크라운 장착","تركيب التاج","クラウン装着","data.js"
"PROCEDURES[1].prepare[0]","Bring previous dental records if any","기존 치과 기록 지참(있을 경우)","أحضر سجلاتك السنية السابقة إن وُجدت","過去の歯科記録があればご持参ください","data.js"
"PROCEDURES[1].prepare[1]","Avoid smoking before and after","전후 흡연 자제","تجنّب التدخين قبل الإجراء وبعده","施術前後は喫煙をお控えください","data.js"
"PROCEDURES[2].dept","Dermatology","피부과","الأمراض الجلدية","皮膚科","data.js"
"PROCEDURES[2].hospital.name","Cheongdam Glow Dermatology","청담 글로우 피부과","عيادة تشونغدام غلو للأمراض الجلدية","清潭グロウ皮膚科","data.js"
"PROCEDURES[2].hospital.city","Gangnam, Seoul","서울 강남","غانغنام، سيول","ソウル・江南","data.js"
"PROCEDURES[2].name","Skin Rejuvenation Laser","피부 재생 레이저","ليزر تجديد البشرة","肌再生レーザー","data.js"
"PROCEDURES[2].summary","Tone-and-texture laser program for brightening, pores and fine lines.","톤·결 개선을 위한 레이저 프로그램 — 미백, 모공, 잔주름.","برنامج ليزر لتحسين اللون والملمس — التفتيح والمسام والخطوط الدقيقة.","トーンとキメを整えるレーザープログラム — 美白、毛穴、小じわに。","data.js"
"PROCEDURES[2].duration","Half-day","반나절","نصف يوم","半日","data.js"
"PROCEDURES[2].recovery","2–3 days","2–3일","2–3 أيام","2~3日","data.js"
"PROCEDURES[2].includes[0]","Skin analysis","피부 분석","تحليل البشرة","肌分析","data.js"
"PROCEDURES[2].includes[1]","Laser session","레이저 시술","جلسة ليزر","レーザー施術","data.js"
"PROCEDURES[2].includes[2]","Soothing care","진정 케어","عناية مهدّئة","鎮静ケア","data.js"
"PROCEDURES[2].includes[3]","Aftercare kit","사후 케어 키트","طقم العناية اللاحقة","アフターケアキット","data.js"
"PROCEDURES[2].options[0].group","Laser type","레이저 종류","نوع الليزر","レーザーの種類","data.js"
"PROCEDURES[2].options[0].items[0]","Pico toning","피코 토닝","بيكو تونينغ","ピコトーニング","data.js"
"PROCEDURES[2].options[0].items[1]","Fractional","프락셔널","فراكشنال","フラクショナル","data.js"
"PROCEDURES[2].steps[0]","Skin analysis","피부 분석","تحليل البشرة","肌分析","data.js"
"PROCEDURES[2].steps[1]","Numbing cream","마취 크림","كريم مخدّر","麻酔クリーム","data.js"
"PROCEDURES[2].steps[2]","Laser session","레이저 시술","جلسة ليزر","レーザー施術","data.js"
"PROCEDURES[2].steps[3]","Soothing care","진정 케어","عناية مهدّئة","鎮静ケア","data.js"
"PROCEDURES[2].prepare[0]","Avoid sun exposure 3 days prior","3일 전 햇빛 노출 자제","تجنّب التعرّض للشمس قبل 3 أيام","3日前から日焼けをお控えください","data.js"
"PROCEDURES[2].prepare[1]","No retinol 1 week prior","1주 전 레티놀 사용 중단","لا تستخدم الريتينول قبل أسبوع","1週間前からレチノールの使用を中止してください","data.js"
"PROCEDURES[3].dept","Health Check-up","건강검진","الفحص الطبي","健康診断","data.js"
"PROCEDURES[3].hospital.name","Seoul Premier Health Center","서울 프리미어 검진센터","مركز سيول بريمير الصحي","ソウルプレミア健診センター","data.js"
"PROCEDURES[3].hospital.city","Jongno, Seoul","서울 종로","جونغنو، سيول","ソウル・鍾路","data.js"
"PROCEDURES[3].name","Comprehensive Check-up","종합 건강검진","فحص شامل","総合健康診断","data.js"
"PROCEDURES[3].summary","Wide-range annual screening — blood, imaging and core organ function.","혈액·영상·핵심 장기 기능을 폭넓게 검사하는 연간 종합검진.","فحص سنوي واسع النطاق — الدم والتصوير ووظائف الأعضاء الأساسية.","血液・画像・主要臓器の機能を幅広く調べる年次総合健診。","data.js"
"PROCEDURES[3].duration","Half-day","반나절","نصف يوم","半日","data.js"
"PROCEDURES[3].recovery","Same day","당일","في اليوم نفسه","当日","data.js"
"PROCEDURES[3].includes[0]","Blood & urine panel","혈액·소변 검사","تحاليل الدم والبول","血液・尿検査","data.js"
"PROCEDURES[3].includes[1]","Abdominal ultrasound","복부 초음파","تصوير البطن بالموجات فوق الصوتية","腹部超音波検査","data.js"
"PROCEDURES[3].includes[2]","Chest X-ray & ECG","흉부 X-ray·심전도","أشعة سينية للصدر وتخطيط القلب","胸部X-ray・心電図","data.js"
"PROCEDURES[3].includes[3]","Specialist consultation","전문의 상담","استشارة اختصاصي","専門医の相談","data.js"
"PROCEDURES[3].options[0].group","Endoscopy options","내시경 옵션","خيارات التنظير","内視鏡オプション","data.js"
"PROCEDURES[3].options[0].items[0]","Gastroscopy","위내시경","تنظير المعدة","胃内視鏡検査","data.js"
"PROCEDURES[3].options[0].items[1]","Colonoscopy","대장내시경","تنظير القولون","大腸内視鏡検査","data.js"
"PROCEDURES[3].options[0].items[2]","Sedation","수면","التخدير","鎮静(眠りながら)","data.js"
"PROCEDURES[3].steps[0]","Fasting from midnight","전날 자정부터 금식","الصيام من منتصف الليل","前日の深夜から絶食","data.js"
"PROCEDURES[3].steps[1]","Check-in & samples","접수·검체 채취","التسجيل وأخذ العينات","受付・検体採取","data.js"
"PROCEDURES[3].steps[2]","Imaging & scopes","영상·내시경","التصوير والتنظير","画像検査・内視鏡","data.js"
"PROCEDURES[3].steps[3]","Doctor consultation","의사 상담","استشارة الطبيب","医師の相談","data.js"
"PROCEDURES[3].prepare[0]","Fast for 8 hours before","검사 8시간 전 금식","صُم لمدة 8 ساعات قبل الفحص","検査の8時間前から絶食してください","data.js"
"PROCEDURES[3].prepare[1]","Bring photo ID","신분증 지참","أحضر هوية مصوّرة","写真付き身分証をご持参ください","data.js"
"PROCEDURES[4].dept","Health Check-up","건강검진","الفحص الطبي","健康診断","data.js"
"PROCEDURES[4].hospital.name","Seoul Premier Health Center","서울 프리미어 검진센터","مركز سيول بريمير الصحي","ソウルプレミア健診センター","data.js"
"PROCEDURES[4].hospital.city","Jongno, Seoul","서울 종로","جونغنو، سيول","ソウル・鍾路","data.js"
"PROCEDURES[4].name","Whole Body MRI Check-up","전신 MRI 검진","فحص الجسم بالكامل بالـ MRI","全身MRI健診","data.js"
"PROCEDURES[4].summary","Full-body MRI to detect tumors and abnormalities early — no radiation, high resolution.","종양·이상을 조기에 발견하는 전신 MRI — 방사선 없이 고해상도.","تصوير كامل للجسم بالـ MRI للكشف المبكر عن الأورام والحالات غير الطبيعية — بدون إشعاع ودقة عالية.","腫瘍や異常を早期に発見する全身MRI — 放射線を使わず高解像度。","data.js"
"PROCEDURES[4].duration","Half-day","반나절","نصف يوم","半日","data.js"
"PROCEDURES[4].recovery","Same day","당일","في اليوم نفسه","当日","data.js"
"PROCEDURES[4].includes[0]","Whole-body MRI","전신 MRI","تصوير الجسم بالكامل بالـ MRI","全身MRI","data.js"
"PROCEDURES[4].includes[1]","Brain & spine MRI","뇌·척추 MRI","تصوير الدماغ والعمود الفقري بالـ MRI","脳・脊椎MRI","data.js"
"PROCEDURES[4].includes[2]","MRA vascular screening","MRA 혈관 검사","فحص الأوعية بالـ MRA","MRA血管検査","data.js"
"PROCEDURES[4].includes[3]","Radiologist reading","영상의학과 판독","قراءة اختصاصي الأشعة","放射線科医の読影","data.js"
"PROCEDURES[4].options[0].group","Add-on","추가 검사","إضافة اختيارية","追加検査","data.js"
"PROCEDURES[4].options[0].items[0]","PET-CT","PET-CT","PET-CT","PET-CT","data.js"
"PROCEDURES[4].options[0].items[1]","Cardiac MRI","심장 MRI","تصوير القلب بالـ MRI","心臓MRI","data.js"
"PROCEDURES[4].steps[0]","Check-in","접수","التسجيل","受付","data.js"
"PROCEDURES[4].steps[1]","MRI scan (~60 min)","MRI 촬영(~60분)","مسح MRI (~60 دقيقة)","MRI撮影(~60分)","data.js"
"PROCEDURES[4].steps[2]","Radiologist reading","영상의학과 판독","قراءة اختصاصي الأشعة","放射線科医の読影","data.js"
"PROCEDURES[4].steps[3]","Result consultation","결과 상담","استشارة النتائج","結果の相談","data.js"
"PROCEDURES[4].prepare[0]","Remove all metal items","금속류 모두 제거","أزل جميع الأغراض المعدنية","金属類はすべて外してください","data.js"
"PROCEDURES[4].prepare[1]","Inform staff of implants","체내 삽입물 사전 고지","أبلغ الطاقم بأي غرسات في جسمك","体内インプラントがある場合はスタッフにお申し出ください","data.js"
"PROCEDURES[5].dept","Hair Transplant","모발이식","زراعة الشعر","植毛","data.js"
"PROCEDURES[5].hospital.name","Seoul Forest Hair Clinic","서울숲 모발센터","عيادة سيول فورست للشعر","ソウルフォレスト毛髪センター","data.js"
"PROCEDURES[5].hospital.city","Seongdong, Seoul","서울 성동","سونغدونغ، سيول","ソウル・城東","data.js"
"PROCEDURES[5].name","FUE Hair Transplant","FUE 모발이식","زراعة الشعر بتقنية FUE","FUE植毛","data.js"
"PROCEDURES[5].summary","Follicular-unit extraction with natural hairline design.","자연스러운 헤어라인 디자인의 모낭단위 채취 이식.","اقتطاف الوحدات الجريبية مع تصميم خط شعر طبيعي.","自然なヘアライン設計による毛包単位採取(FUE)植毛。","data.js"
"PROCEDURES[5].duration","1 day","1일","يوم واحد","1日","data.js"
"PROCEDURES[5].recovery","1–2 weeks","1–2주","1–2 أسبوع","1〜2週間","data.js"
"PROCEDURES[5].includes[0]","Hairline design","헤어라인 디자인","تصميم خط الشعر","ヘアライン デザイン","data.js"
"PROCEDURES[5].includes[1]","FUE extraction & graft","FUE 채취·이식","اقتطاف وزراعة بتقنية FUE","FUE 採取・移植","data.js"
"PROCEDURES[5].includes[2]","Post-op medication","수술 후 약 처방","أدوية ما بعد الجراحة","術後の投薬","data.js"
"PROCEDURES[5].includes[3]","Follow-up","경과 관찰","متابعة","経過観察","data.js"
"PROCEDURES[5].options[0].group","Graft count","이식 모수","عدد البُصيلات المزروعة","移植株数","data.js"
"PROCEDURES[5].options[0].items[0]","2,000 grafts","2,000모","2,000 بُصيلة","2,000株","data.js"
"PROCEDURES[5].options[0].items[1]","3,000 grafts","3,000모","3,000 بُصيلة","3,000株","data.js"
"PROCEDURES[5].steps[0]","Consultation & design","상담·디자인","الاستشارة والتصميم","カウンセリング・デザイン","data.js"
"PROCEDURES[5].steps[1]","Donor extraction","공여부 채취","استخلاص من المنطقة المانحة","ドナー採取","data.js"
"PROCEDURES[5].steps[2]","Implantation","식모","الزراعة","植毛","data.js"
"PROCEDURES[5].steps[3]","Aftercare guide","사후관리 안내","دليل الرعاية اللاحقة","アフターケア案内","data.js"
"PROCEDURES[5].prepare[0]","Avoid alcohol 3 days prior","3일 전 음주 자제","تجنّب الكحول قبل 3 أيام","3日前から飲酒を控える","data.js"
"PROCEDURES[5].prepare[1]","Wash hair the morning of","당일 아침 머리 감기","اغسل شعرك صباح يوم العملية","当日の朝に洗髪する","data.js"
"PROVIDERS[0].name","Hangang Medical Center","한강메디컬센터","Hangang Medical Center","サムスンソウル病院","data.js"
"PROVIDERS[0].area","Gangnam-gu, Seoul","서울 강남구","قانغنام-قو، سيول","ソウル特別市 江南区","data.js"
"PROVIDERS[0].blurb","A leading tertiary hospital, recognized for oncology, cardiac care, and executive health programs. International Health Services with English, Mandarin, and Russian coordinators.","종양학·심장 치료·임원 건강검진으로 잘 알려진 대표 3차 병원. 국제진료센터에 영어·중국어·러시아어 코디네이터가 상주합니다.","مستشفى ثالثي رائد، معروف بعلاج الأورام ورعاية القلب وبرامج الفحص الصحي للمديرين التنفيذيين. تضم خدمات الرعاية الصحية الدولية منسّقين يتحدثون الإنجليزية والصينية والروسية.","腫瘍学・心臓治療・エグゼクティブ健診プログラムで高く評価される、韓国有数の第三次医療機関。国際診療センターには英語・中国語・ロシア語のコーディネーターが常駐しています。","data.js"
"PROVIDERS[1].name","Songpa Medical Center","송파의료원","Songpa Medical Center","ソウルアサン病院","data.js"
"PROVIDERS[1].area","Songpa-gu, Seoul","서울 송파구","سونغبا-قو، سيول","ソウル特別市 松坡区","data.js"
"PROVIDERS[1].blurb","Korea's largest tertiary hospital, renowned for liver transplantation, cardiothoracic surgery, and premium executive screening. 24-hour international coordinator line.","국내 최대 규모의 상급종합병원으로, 간 이식·흉부외과·프리미엄 건강검진 분야에서 세계적 명성을 얻고 있습니다. 24시간 국제진료 핫라인 운영.","أكبر مستشفى ثالثي في كوريا، يشتهر بزراعة الكبد وجراحة القلب والصدر والفحوصات المتميّزة للمديرين التنفيذيين. خط منسّقين دوليين على مدار 24 ساعة.","韓国最大規模の第三次医療機関で、肝移植・心臓胸部外科・プレミアム エグゼクティブ健診の分野で世界的に知られています。24時間対応の国際診療ホットラインを運営。","data.js"
"PROVIDERS[2].name","Sinchon University Hospital","신촌대학교병원","Sinchon University Hospital","セブランス病院（延世）","data.js"
"PROVIDERS[2].area","Seodaemun-gu, Seoul","서울 서대문구","سيوديمون-قو، سيول","ソウル特別市 西大門区","data.js"
"PROVIDERS[2].blurb","Korea's oldest Western-style hospital, affiliated with Yonsei University College of Medicine. Strong in ophthalmology, robotic surgery, and women's health.","국내 최초의 서양식 병원으로, 연세대학교 의과대학 부속병원. 안과·로봇 수술·여성건강 분야에서 강세를 보입니다.","أقدم مستشفى على النمط الغربي في كوريا، تابع لكلية الطب بجامعة يونسي. متميّز في طب العيون والجراحة الروبوتية وصحة المرأة.","韓国最古の西洋式病院で、延世大学校医科大学の付属病院。眼科・ロボット手術・女性の健康の分野に強みを持ちます。","data.js"
"PROVIDERS[3].name","Seocho Sacred Heart Hospital","서초성심병원","Seocho Sacred Heart Hospital","ソウル聖母病院","data.js"
"PROVIDERS[3].area","Seocho-gu, Seoul","서울 서초구","سيوتشو-قو، سيول","ソウル特別市 瑞草区","data.js"
"PROVIDERS[3].blurb","a leading university-affiliated hospital, known for hematology, bone marrow transplantation, and maternal-fetal medicine.","대표적인 대학 부속병원으로, 혈액학·조혈모세포 이식·모체태아의학에서 두각을 나타냅니다.","المستشفى الرائد للجامعة الكاثوليكية في كوريا، معروف بأمراض الدم وزراعة نخاع العظم وطب الأم والجنين.","カトリック大学校を代表する付属病院で、血液学・造血幹細胞移植・母体胎児医学で高い評価を得ています。","data.js"
"PROVIDERS[4].name","Apgujeong Line Plastic Surgery","압구정라인성형외과","Apgujeong Line Plastic Surgery","JK整形外科","data.js"
"PROVIDERS[4].area","Gangnam-gu, Seoul","서울 강남구","قانغنام-قو، سيول","ソウル特別市 江南区","data.js"
"PROVIDERS[4].blurb","Boutique plastic-surgery center on Apgujeong Rodeo, serving international patients since 2000. In-house interpreters and pickup service standard.","압구정 로데오 거리에 위치한 프리미엄 성형외과. 2000년부터 해외 환자를 진료해왔으며, 통역·픽업 서비스가 기본 제공됩니다.","مركز جراحة تجميل راقٍ في أبغوجيونغ روديو، يخدم المرضى الدوليين منذ عام 2000. مترجمون داخليون وخدمة توصيل قياسية.","狎鴎亭ロデオに位置するブティック型の美容外科センター。2000年以来、海外の患者を診療しており、専属通訳と送迎サービスを標準で提供します。","data.js"
"PROVIDERS[5].name","Gangnam Bright Dental Clinic","강남브라이트치과","Gangnam Bright Dental Clinic","オラクル歯科クリニック（江南）","data.js"
"PROVIDERS[5].area","Gangnam-gu, Seoul","서울 강남구","قانغنام-قو، سيول","ソウル特別市 江南区","data.js"
"PROVIDERS[5].blurb","Premium multi-specialty dental group. Implants, digital veneers, clear-aligner ortho, full-mouth rehabilitation.","강남 플래그십을 둔 프리미엄 복합 치과 그룹. 임플란트·디지털 라미네이트·투명교정·풀마우스 치료.","مجموعة أسنان متميّزة متعددة التخصصات. زراعة الأسنان، والفينير الرقمي، وتقويم الأسنان الشفاف، وإعادة تأهيل الفم الكامل.","プレミアムな複合診療型の歯科グループ。インプラント、デジタル ラミネート、マウスピース矯正、フルマウス リハビリテーションに対応。","data.js"
"PROVIDERS[6].name","Jongno Central Hospital","종로중앙병원","Jongno Central Hospital","ソウル大学校病院","data.js"
"PROVIDERS[6].area","Jongno-gu, Seoul","서울 종로구","جونغنو-قو، سيول","ソウル特別市 鍾路区","data.js"
"PROVIDERS[6].blurb","Korea's leading public tertiary hospital, with an international healthcare center and rare-disease clinic.","국내 대표 공공 상급종합병원으로, 국제진료센터와 희귀질환 클리닉을 운영합니다.","المستشفى العام الثالثي الرائد في كوريا، ويضم مركزًا للرعاية الصحية الدولية وعيادة للأمراض النادرة.","韓国を代表する公共の第三次医療機関で、国際診療センターと希少疾患クリニックを運営しています。","data.js"
"PROVIDER_DEPTS[0]","Health Screening","건강검진","الفحص الصحي","健康診断","data.js"
"PROVIDER_DEPTS[1]","General Hospital","종합병원","مستشفى عام","総合病院","data.js"
"PROVIDER_DEPTS[2]","Dermatology","피부과","الجلدية","皮膚科","data.js"
"PROVIDER_DEPTS[3]","Plastic Surgery","성형외과","الجراحة التجميلية","美容外科","data.js"
"PROVIDER_DEPTS[4]","Ophthalmology","안과","طب العيون","眼科","data.js"
"PROVIDER_DEPTS[5]","Dentistry","치과","طب الأسنان","歯科","data.js"
"PROVIDER_DEPTS[6]","OB/GYN","산부인과","النساء والولادة","産婦人科","data.js"
"PROVIDER_DEPTS[7]","Urology","비뇨기과","المسالك البولية","泌尿器科","data.js"
"PROVIDER_DEPTS[8]","Orthopedics","정형외과","جراحة العظام","整形外科","data.js"
"PROVIDER_LANGS[0]","English","영어","الإنجليزية","英語","data.js"
"PROVIDER_LANGS[1]","Japanese","일본어","اليابانية","日本語","data.js"
"PROVIDER_LANGS[2]","Chinese","중국어","الصينية","中国語","data.js"
"PROVIDER_LANGS[3]","Vietnamese","베트남어","الفيتنامية","ベトナム語","data.js"
"PROVIDER_LANGS[4]","Thai","태국어","التايلاندية","タイ語","data.js"
"PROVIDER_LANGS[5]","Russian","러시아어","الروسية","ロシア語","data.js"
"PROVIDER_LANGS[6]","Arabic","아랍어","العربية","アラビア語","data.js"
"RECOVERY_BANDS[0]","Under 1 week","1주 미만","أقل من أسبوع","1週間未満","data.js"
"RECOVERY_BANDS[1]","1–2 weeks","1–2주","أسبوع إلى أسبوعين","1〜2週間","data.js"
"RECOVERY_BANDS[2]","About 1 month","약 1개월","شهر تقريباً","約1か月","data.js"
"REVIEWS[0].text","I looked for a SMILE LASIK clinic for the same day as the eye exam and CareBridge arranged everything perfectly.","안과 검진 당일에 받을 수 있는 스마일 라식 클리닉을 찾았는데 CareBridge이 모든 걸 완벽히 준비해줬어요.","بحثت عن عيادة SMILE LASIK في نفس يوم فحص العين، ورتّبت CareBridge كل شيء بشكل مثالي.","眼科検診と同じ日に受けられるSMILE LASIKのクリニックを探していたのですが、CareBridgeがすべて完璧に手配してくれました。","data.js"
"REVIEWS[0].author","Michael R.","마이클 R.","مايكل ر.","Michael R.","data.js"
"REVIEWS[0].source","Gangnam Seoul Bright Eye Clinic","강남서울밝은안과","عيادة قانغنام سيول برايت آي","江南ソウル明るい眼科","data.js"
"REVIEWS[0].treatment","SMILE LASIK","스마일 라식","SMILE LASIK","SMILE LASIK","data.js"
"REVIEWS[1].text","I was able to get the partnered discount without any issues, and the staff kindly brought tea while I was waiting.","제휴 할인을 문제없이 받았고, 기다리는 동안 직원분이 친절하게 차도 내주셨어요.","حصلت على الخصم الخاص بالشراكة دون أي مشاكل، وقدّم الموظفون بلطف الشاي أثناء انتظاري.","提携割引を問題なく受けられ、待っている間にはスタッフの方が親切にお茶まで出してくださいました。","data.js"
"REVIEWS[1].author","Sarah L.","사라 L.","سارة ل.","Sarah L.","data.js"
"REVIEWS[1].source","Gangnam Seoul Bright Eye Clinic","강남서울밝은안과","عيادة قانغنام سيول برايت آي","江南ソウル明るい眼科","data.js"
"REVIEWS[1].treatment","Dermatology","피부과","الأمراض الجلدية","皮膚科","data.js"
"REVIEWS[2].text","I got my eyes treated with SMILE LASIK here and I'm truly satisfied with the results — clear vision in 48 hours.","여기서 스마일 라식을 받았는데 결과에 정말 만족해요 — 48시간 만에 선명한 시야.","عالجت عينيّ بتقنية SMILE LASIK هنا وأنا راضٍ حقًا عن النتائج — رؤية واضحة خلال 48 ساعة.","ここでSMILE LASIKを受けましたが、結果に本当に満足しています — 48時間で視界がクリアになりました。","data.js"
"REVIEWS[2].author","James T.","제임스 T.","جيمس ت.","James T.","data.js"
"REVIEWS[2].source","Gangnam Seoul Bright Eye Clinic","강남서울밝은안과","عيادة قانغنام سيول برايت آي","江南ソウル明るい眼科","data.js"
"REVIEWS[2].treatment","SMILE LASIK","스마일 라식","SMILE LASIK","SMILE LASIK","data.js"
"REVITAL.eyebrow","Revital","리바이탈","ريفايتال","リバイタル","data.js"
"REVITAL.title","Revital","리바이탈","ريفايتال","リバイタル","data.js"
"REVITAL.sub","Beyond checkups — specialized treatments to look and feel your best, at Korea's leading clinics.","검진을 넘어 — 한국 대표 클리닉에서 최상의 컨디션을 위한 전문 시술.","ما وراء الفحوصات — علاجات متخصصة لتبدو وتشعر بأفضل حال، في عيادات كوريا الرائدة.","検診の先へ — 韓国有数のクリニックで、最高の見た目とコンディションを叶える専門治療。","data.js"
"REVITAL.items[0]","Ophthalmology","안과","طب العيون","眼科","data.js"
"REVITAL.items[0].lead","SMILE LASIK & vision correction","스마일 라식·시력 교정","SMILE LASIK وتصحيح النظر","SMILE LASIK・視力矯正","data.js"
"REVITAL.items[1]","Dental","치과","طب الأسنان","歯科","data.js"
"REVITAL.items[1].lead","Implants, whitening & orthodontics","임플란트·미백·교정","زراعة الأسنان والتبييض وتقويم الأسنان","インプラント・ホワイトニング・矯正","data.js"
"REVITAL.items[2]","Plastic Surgery","성형외과","الجراحة التجميلية","美容外科","data.js"
"REVITAL.items[2].lead","Aesthetic & reconstructive surgery","미용·재건 성형","جراحة تجميلية وترميمية","美容・再建外科","data.js"
"REVITAL.items[3]","Dermatology","피부과","الجلدية","皮膚科","data.js"
"REVITAL.items[3].lead","Skin rejuvenation & laser care","피부 재생·레이저 케어","تجديد البشرة والعناية بالليزر","肌の再生・レーザーケア","data.js"
"REVITAL.items[4]","Hair Loss","모발이식","تساقط الشعر","薄毛治療","data.js"
"REVITAL.items[4].lead","Hair transplant & restoration","모발이식·복원","زراعة الشعر واستعادته","植毛・毛髪再生","data.js"
"REVITAL.items[5]","Interventional Radiology","인터벤션 영상의학","الأشعة التداخلية","インターベンショナル ラジオロジー","data.js"
"REVITAL.items[5].lead","Minimally-invasive image-guided care","최소 침습 영상유도 시술","رعاية موجّهة بالتصوير طفيفة التوغّل","低侵襲の画像ガイド下治療","data.js"
"REVITAL.items[6]","Urology","비뇨의학과","المسالك البولية","泌尿器科","data.js"
"REVITAL.items[6].lead","Men's health & urologic care","남성 건강·비뇨기 진료","صحة الرجل ورعاية المسالك البولية","男性の健康・泌尿器診療","data.js"
"SCAN_MENU.groups[0].label","MRI Scans","MRI 스캔","فحوصات MRI","MRI 検査","data.js"
"SCAN_MENU.groups[0].items[0].name","MRI Scan","MRI 스캔","فحص MRI","MRI 検査","data.js"
"SCAN_MENU.groups[0].items[0].time","22 min","22분","22 دقيقة","22分","data.js"
"SCAN_MENU.groups[0].items[0].tag","No radiation","방사선 없음","بدون إشعاع","放射線なし","data.js"
"SCAN_MENU.groups[0].items[0].desc","Scans for signs of hundreds of potential conditions, including early signs of cancer of the brain, thyroid, liver, gallbladder, pancreas, spleen, kidneys, adrenal glands, bladder, ovaries, uterus, and prostate.","뇌·갑상선·간·담낭·췌장·비장·신장·부신·방광·난소·자궁·전립선의 암 초기 징후를 포함해 수백 가지 잠재 질환의 징후를 검사합니다.","يفحص علامات مئات الحالات المحتملة، بما في ذلك العلامات المبكرة لسرطان الدماغ والغدة الدرقية والكبد والمرارة والبنكرياس والطحال والكلى والغدد الكظرية والمثانة والمبيضين والرحم والبروستاتا.","脳・甲状腺・肝臓・胆嚢・膵臓・脾臓・腎臓・副腎・膀胱・卵巣・子宮・前立腺のがんの初期兆候を含め、数百種類にのぼる潜在的な疾患の兆候を検査します。","data.js"
"SCAN_MENU.groups[0].items[0].includes[0]","Head","머리","الرأس","頭部","data.js"
"SCAN_MENU.groups[0].items[0].includes[1]","Neck","목","العنق","頸部","data.js"
"SCAN_MENU.groups[0].items[0].includes[2]","Abdomen","복부","البطن","腹部","data.js"
"SCAN_MENU.groups[0].items[0].includes[3]","Pelvis","골반","الحوض","骨盤","data.js"
"SCAN_MENU.groups[0].items[0].note","Also helps detect signs of prior stroke, sinus inflammation, fatty liver, uterine fibroids, and abdominal aortic aneurysm.","과거 뇌졸중, 부비동 염증, 지방간, 자궁근종, 복부대동맥류의 징후 발견에도 도움이 됩니다.","يساعد أيضًا في اكتشاف علامات السكتة الدماغية السابقة، والتهاب الجيوب الأنفية، والكبد الدهني، والأورام الليفية الرحمية، وتمدد الشريان الأورطي البطني.","過去の脳卒中、副鼻腔の炎症、脂肪肝、子宮筋腫、腹部大動脈瘤の兆候の発見にも役立ちます。","data.js"
"SCAN_MENU.groups[0].items[1].name","MRI Scan with Spine","MRI 스캔 + 척추","فحص MRI مع العمود الفقري","MRI 検査 + 脊椎","data.js"
"SCAN_MENU.groups[0].items[1].time","47 min","47분","47 دقيقة","47分","data.js"
"SCAN_MENU.groups[0].items[1].tag","No radiation","방사선 없음","بدون إشعاع","放射線なし","data.js"
"SCAN_MENU.groups[0].items[1].desc","Everything in the MRI Scan, plus spine coverage to look for signs of spinal lesions and tumors, herniated discs, cervical spinal stenosis, spondylosis, fractures, scoliosis, arthritis, and other degenerative changes.","MRI 스캔의 모든 항목에 더해, 척추 병변·종양, 추간판 탈출(디스크), 경추 척추관 협착, 척추증, 골절, 척추측만, 관절염 등 퇴행성 변화의 징후를 확인하는 척추 영역을 포함합니다.","كل ما في فحص MRI، إضافةً إلى تغطية العمود الفقري للبحث عن علامات الآفات والأورام الفقرية، والانزلاق الغضروفي، وتضيّق القناة الشوكية العنقية، وداء الفقار، والكسور، والجنف، والتهاب المفاصل، وغيرها من التغيّرات التنكّسية.","MRI 検査のすべての項目に加え、脊椎の病変・腫瘍、椎間板ヘルニア、頸部脊柱管狭窄症、脊椎症、骨折、側弯症、関節炎などの変性変化の兆候を確認する脊椎領域を含みます。","data.js"
"SCAN_MENU.groups[0].items[1].includes[0]","Head","머리","الرأس","頭部","data.js"
"SCAN_MENU.groups[0].items[1].includes[1]","Neck","목","العنق","頸部","data.js"
"SCAN_MENU.groups[0].items[1].includes[2]","Abdomen","복부","البطن","腹部","data.js"
"SCAN_MENU.groups[0].items[1].includes[3]","Pelvis","골반","الحوض","骨盤","data.js"
"SCAN_MENU.groups[0].items[1].includes[4]","Spine","척추","العمود الفقري","脊椎","data.js"
"SCAN_MENU.groups[0].items[2].name","MRI Scan with Skeletal and Neurological Assessment","MRI 스캔 + 근골격·신경 평가","فحص MRI مع تقييم الجهاز الهيكلي والعصبي","MRIスキャン + 筋骨格・神経評価","data.js"
"SCAN_MENU.groups[0].items[2].time","2 × ~60 min sessions","약 60분 × 2회","جلستان × ~60 دقيقة","約60分 × 2回","data.js"
"SCAN_MENU.groups[0].items[2].tag","No radiation","방사선 없음","بدون إشعاع","放射線なし","data.js"
"SCAN_MENU.groups[0].items[2].desc","Everything in the MRI Scan with Spine, plus looks for signs of neurodegeneration in the brain and narrowing in the arteries of the head and neck, and provides a brain age analysis.","MRI 척추 스캔의 모든 항목에 더해, 뇌의 신경퇴행 징후와 머리·목 동맥의 협착을 확인하고 뇌 나이 분석을 제공합니다.","كل ما في فحص MRI مع العمود الفقري، إضافةً إلى البحث عن علامات التنكّس العصبي في الدماغ والتضيّق في شرايين الرأس والعنق، مع تحليل عمر الدماغ.","MRI脊椎スキャンの全項目に加え、脳の神経変性の兆候や頭頸部動脈の狭窄を確認し、脳年齢分析を提供します。","data.js"
"SCAN_MENU.groups[0].items[2].includes[0]","Head","머리","الرأس","頭部","data.js"
"SCAN_MENU.groups[0].items[2].includes[1]","Neck","목","العنق","頸部","data.js"
"SCAN_MENU.groups[0].items[2].includes[2]","Abdomen","복부","البطن","腹部","data.js"
"SCAN_MENU.groups[0].items[2].includes[3]","Pelvis","골반","الحوض","骨盤","data.js"
"SCAN_MENU.groups[0].items[2].includes[4]","Spine","척추","العمود الفقري","脊椎","data.js"
"SCAN_MENU.groups[0].items[2].includes[5]","Musculoskeletal Assessment (Hips/Knees)","근골격 평가(고관절/무릎)","تقييم الجهاز العضلي الهيكلي (الوركين/الركبتين)","筋骨格評価（股関節/膝）","data.js"
"SCAN_MENU.groups[0].items[2].includes[6]","MR Angiogram (Head/Neck)","MR 혈관조영(머리/목)","تصوير الأوعية بالرنين المغناطيسي (الرأس/العنق)","MR血管造影（頭部/頸部）","data.js"
"SCAN_MENU.groups[0].items[2].includes[7]","Brain Analysis","뇌 분석","تحليل الدماغ","脳分析","data.js"
"SCAN_MENU.groups[0].items[2].includes[8]","Body Composition Profiling","체성분 프로파일링","تحليل تركيب الجسم","体組成プロファイリング","data.js"
"SCAN_MENU.groups[0].items[2].note","Also includes body composition assessment (fat and muscle volume), hip evaluation (labrum, cartilage, and joint health), and knee scans (for meniscus, ACL, and MCL injuries).","체성분 평가(지방·근육량), 고관절 평가(관절와순·연골·관절 건강), 무릎 스캔(반월상연골·ACL·MCL 손상)도 포함합니다.","يشمل أيضًا تقييم تركيب الجسم (حجم الدهون والعضلات)، وتقييم الورك (الشفا الحُقّي والغضروف وصحة المفصل)، وفحوصات الركبة (لإصابات الغضروف الهلالي والرباط الصليبي الأمامي والرباط الجانبي الإنسي).","体組成評価（脂肪・筋肉量）、股関節評価（関節唇・軟骨・関節の健康状態）、膝スキャン（半月板・ACL・MCL損傷）も含まれます。","data.js"
"SCAN_MENU.groups[1].label","CT Scans","CT 스캔","فحوصات CT","CTスキャン","data.js"
"SCAN_MENU.groups[1].items[0].name","Heart CT Scan","심장 CT 스캔","فحص CT للقلب","心臓CTスキャン","data.js"
"SCAN_MENU.groups[1].items[0].time","5 min","5분","5 دقائق","5分","data.js"
"SCAN_MENU.groups[1].items[0].tag","Low-dose","저선량","جرعة منخفضة","低線量","data.js"
"SCAN_MENU.groups[1].items[0].desc","This low-dose CT scan measures calcium buildup in the arteries of the heart (coronary arteries), with a coronary artery calcium (CAC) score to assess long-term cardiovascular risk. The images are timed with the heartbeat to avoid blurriness from the heart's normal movement and rhythm.","저선량 CT 스캔으로 심장 동맥(관상동맥)의 칼슘 침착을 측정하고, 관상동맥 칼슘(CAC) 점수로 장기 심혈관 위험을 평가합니다. 심장 박동에 맞춰 촬영해 움직임으로 인한 흐림을 방지합니다.","يقيس هذا الفحص المقطعي منخفض الجرعة تراكم الكالسيوم في شرايين القلب (الشرايين التاجية)، مع درجة كالسيوم الشرايين التاجية (CAC) لتقييم مخاطر القلب والأوعية الدموية على المدى الطويل. تُلتقط الصور بالتزامن مع نبض القلب لتجنب التشوّش الناتج عن حركة القلب وإيقاعه الطبيعيين.","この低線量CTスキャンでは、心臓の動脈（冠動脈）のカルシウム沈着を測定し、冠動脈カルシウム（CAC）スコアで長期的な心血管リスクを評価します。心拍に合わせて撮影することで、心臓の動きや拍動によるぶれを防ぎます。","data.js"
"SCAN_MENU.groups[1].items[0].includes[0]","Gated Coronary Artery Calcium (CAC) Score","게이팅 관상동맥 칼슘(CAC) 점수","درجة كالسيوم الشرايين التاجية (CAC) المتزامنة","ゲーティング冠動脈カルシウム（CAC）スコア","data.js"
"SCAN_MENU.groups[1].items[1].name","Lung CT Scan","폐 CT 스캔","فحص الرئة بالأشعة المقطعية (CT)","肺CTスキャン","data.js"
"SCAN_MENU.groups[1].items[1].time","3 min","3분","3 دقائق","3分","data.js"
"SCAN_MENU.groups[1].items[1].tag","Low-dose","저선량","جرعة منخفضة","低線量","data.js"
"SCAN_MENU.groups[1].items[1].desc","This low-dose CT scan can help detect early signs of lung cancer, lung nodules or masses, emphysema, and other lung or airway abnormalities. May comment on overall heart size.","저선량 CT 스캔으로 폐암 초기 징후, 폐 결절·종괴, 폐기종 및 기타 폐·기도 이상을 조기에 발견할 수 있습니다. 전반적인 심장 크기에 대한 소견을 포함할 수 있습니다.","يساعد هذا الفحص المقطعي منخفض الجرعة على اكتشاف العلامات المبكرة لسرطان الرئة، والعُقيدات أو الكتل الرئوية، والنفاخ الرئوي، وغيرها من تشوّهات الرئة أو المجاري الهوائية. وقد يتضمّن ملاحظات حول الحجم العام للقلب.","この低線量CTスキャンでは、肺がんの初期兆候、肺結節・腫瘤、肺気腫、その他の肺・気道の異常を早期に発見できます。心臓全体の大きさに関する所見を含む場合があります。","data.js"
"SCAN_MENU.groups[1].items[1].includes[0]","Lungs and surrounding chest structures","폐 및 주변 흉부 구조","الرئتان والبُنى الصدرية المحيطة بهما","肺および周辺の胸部構造","data.js"
"SCAN_MENU.groups[1].items[1].note","Chest CT also looks for enlarged lymph nodes in the center of the chest and signs of inflammation or scarring in the lung tissue.","흉부 CT는 흉부 중앙의 림프절 비대와 폐 조직의 염증·반흔 징후도 확인합니다.","يبحث فحص الصدر المقطعي أيضاً عن العُقد اللمفية المتضخّمة في وسط الصدر وعن علامات الالتهاب أو التندّب في أنسجة الرئة.","胸部CTでは、胸部中央のリンパ節腫大や、肺組織の炎症・瘢痕の兆候も確認します。","data.js"
"SCAN_MENU.why.title","Why our members choose MRI and CT scans","왜 MRI·CT 스캔을 선택할까요","لماذا يختار أعضاؤنا فحوصات MRI وCT","会員がMRI・CTスキャンを選ぶ理由","data.js"
"SCAN_MENU.why.note","Download your scan to share with your healthcare provider.","스캔 결과를 내려받아 담당 의료진과 공유할 수 있습니다.","نزّل نتائج فحصك لمشاركتها مع مقدّم الرعاية الصحية الخاص بك.","スキャン結果をダウンロードして、担当の医療機関と共有できます。","data.js"
"SCAN_MENU.why.points[0].t","Detailed report and insights","상세 리포트와 인사이트","تقرير مفصّل ورؤى دقيقة","詳細なレポートとインサイト","data.js"
"SCAN_MENU.why.points[0].d","Receive findings unique to you, with direct outreach if anything is urgent.","개인 맞춤 소견을 받고, 긴급 사항이 있으면 직접 안내해 드립니다.","احصل على نتائج خاصة بك، مع تواصل مباشر إن كان هناك أمر عاجل.","あなたに合わせた所見をお届けし、緊急を要する場合は直接ご連絡します。","data.js"
"SCAN_MENU.why.points[1].t","AI-assisted imaging","AI 영상 분석","تصوير مدعوم بالذكاء الاصطناعي","AI支援による画像解析","data.js"
"SCAN_MENU.why.points[1].d","State-of-the-art AI image enhancement, plus AI-assisted medical reports.","최신 AI 영상 보정과 AI 보조 판독 리포트를 제공합니다.","تحسين متطوّر للصور بالذكاء الاصطناعي، إضافةً إلى تقارير طبية مدعومة بالذكاء الاصطناعي.","最先端のAI画像補正に加え、AI支援による医療レポートを提供します。","data.js"
"SCAN_MENU.why.points[2].t","Personal Care Advisor","전담 케어 어드바이저","مستشار رعاية شخصي","専任ケアアドバイザー","data.js"
"SCAN_MENU.why.points[2].d","We support you at every step of your journey toward better health.","더 건강한 삶을 위한 여정의 모든 단계를 함께합니다.","ندعمك في كل خطوة من رحلتك نحو صحة أفضل.","より健康な毎日を目指す道のりのあらゆる段階をサポートします。","data.js"
"SCAN_MENU.why.points[3].t","Radiologist-approved protocols","전문의 승인 프로토콜","بروتوكولات معتمدة من أخصائيي الأشعة","放射線科医承認のプロトコル","data.js"
"SCAN_MENU.why.points[3].d","Scan protocols developed with MRI technologists and approved by radiologists.","영상의학 기사와 함께 개발하고 영상의학과 전문의가 승인한 스캔 프로토콜을 사용합니다.","بروتوكولات فحص طُوّرت مع فنيي التصوير بالرنين المغناطيسي واعتمدها أخصائيو الأشعة.","MRI技師とともに開発し、放射線科医が承認したスキャンプロトコルを使用します。","data.js"
"SERVICES[0]","Health Check-up","건강검진","الفحص الصحي","健康診断","data.js"
"SERVICES[0].desc","Comprehensive, MRI and hospital-based checkups.","종합·MRI·병원 지정 검진.","فحوصات شاملة، وفحوصات MRI، وفحوصات داخل المستشفيات.","総合・MRI・病院指定の検診。","data.js"
"SERVICES[1]","Revital","리바이탈","ريفيتال","リバイタル","data.js"
"SERVICES[1].desc","Ophthalmology, dental, dermatology and more.","안과·치과·피부과 등 전문 시술.","طب العيون، والأسنان، والجلدية، وغيرها.","眼科・歯科・皮膚科などの専門施術。","data.js"
"SERVICES[2]","Transportation","교통","النقل","交通","data.js"
"SERVICES[2].desc","Airport pickup and in-Korea transfers arranged.","공항 영접과 한국 내 이동을 준비합니다.","ترتيب الاستقبال من المطار والتنقّلات داخل كوريا.","空港送迎と韓国内の移動を手配します。","data.js"
"SERVICES[3]","Accommodation","숙박","الإقامة","宿泊","data.js"
"SERVICES[3].desc","Hospital-adjacent hotels and recovery stays.","병원 인근 호텔과 회복 숙소.","فنادق قريبة من المستشفيات وإقامات للتعافي.","病院近隣のホテルや回復用の滞在先。","data.js"
"SERVICES[4]","Tour","투어","الجولات","ツアー","data.js"
"SERVICES[4].desc","Curated Korea experiences between appointments.","일정 사이 한국을 즐기는 큐레이션 투어.","تجارب كورية منتقاة بين المواعيد.","予約の合間に韓国を楽しむ厳選ツアー。","data.js"
"SERVICES[5]","Association","제휴","الشراكات","提携","data.js"
"SERVICES[5].desc","Partner clinics, insurers and referral programs.","제휴 클리닉·보험사·추천 프로그램.","عيادات شريكة، وشركات تأمين، وبرامج إحالة.","提携クリニック・保険会社・紹介プログラム。","data.js"
"UI.signin","Sign in","로그인","تسجيل الدخول","ログイン","data.js"
"UI.myaccount","My account","마이페이지","حسابي","マイページ","data.js"
"UI.viewMore","View more","자세히 보기","عرض المزيد","詳しく見る","data.js"
"UI.learnMore","Learn more","더 알아보기","اعرف المزيد","もっと見る","data.js"
"UI.book","Book now","예약하기","احجز الآن","予約する","data.js"
"UI.all","All","전체","الكل","すべて","data.js"
"UI.send","Send","보내기","إرسال","送信","data.js"
"UI.langLabel","EN","한","AR","日","data.js"
"UI.addCart","Save treatment","관심시술 담기","حفظ العلاج","施術を保存","data.js"
"UI.inCart","Saved — View saved →","담김 — 관심시술 보기 →","تم الحفظ — عرض المحفوظات →","保存済み — 保存した施術を見る →","data.js"
"UI.reserve","Request reservation","예약 신청","طلب حجز","予約を申し込む","data.js"
"UI.cart","Saved","관심시술","المحفوظات","保存した施術","data.js"
"UI.treatments","Treatments","시술","العلاجات","施術","data.js"
"UI.qty","Reservations","예약 수","الحجوزات","予約数","data.js"
"UI.viewHospital","View hospital","병원 상세","عرض المستشفى","病院の詳細","data.js"
"WHY.title","Why Korea, specifically?","왜 한국인가요?","لماذا كوريا تحديداً؟","なぜ韓国なのか？","data.js"
"WHY.sub","World-class outcomes, advanced technology, and exceptional value.","세계적 수준의 결과, 첨단 기술, 그리고 탁월한 가치.","نتائج عالمية المستوى، وتقنية متقدّمة، وقيمة استثنائية.","世界水準の成果、先進の技術、そして卓越した価値。","data.js"
"WHY.stats[0].label","Cost Savings","비용 절감","توفير في التكاليف","コスト削減","data.js"
"WHY.stats[0].sub","Lower than equivalent care in the U.S.","미국 동일 진료 대비 절감","أقل من الرعاية المماثلة في الولايات المتحدة.","米国での同等の医療と比較して低コスト","data.js"
"WHY.stats[1].label","Health Care Index","의료 품질 지수","مؤشر الرعاية الصحية","医療品質指数","data.js"
"WHY.stats[1].sub","Korea ranked No. 2 globally in Healthcare Quality in 2024.","2024년 의료 품질 세계 2위.","احتلّت كوريا المرتبة الثانية عالمياً في جودة الرعاية الصحية عام 2024.","2024年、医療品質で韓国が世界第2位にランクイン。","data.js"
"WHY.stats[2].label","Detection Rates","조기 발견율","معدّلات الكشف","早期発見率","data.js"
"WHY.stats[2].sub","Early cancer detection rates in Korea are about twice the OECD average.","한국의 암 조기 발견율은 OECD 평균의 약 2배.","معدّلات الكشف المبكر عن السرطان في كوريا تبلغ نحو ضعف متوسط منظمة التعاون الاقتصادي والتنمية (OECD).","韓国のがん早期発見率はOECD平均の約2倍です。","data.js"
"Contact","Contact","문의하기","تواصل معنا","お問い合わせ","ui"
"Get in touch","Get in touch","상담 문의","ابقَ على تواصل","ご相談・お問い合わせ","ui"
"Received","Received","접수되었습니다","تم الاستلام","受け付けました","ui"
"A confirmation email was sent and our global team was notified.","A confirmation email was sent and our global team was notified.","확인 메일을 보내드렸고, 글로벌팀에 전달되었습니다.","تم إرسال بريد تأكيد وإخطار فريقنا العالمي.","確認メールをお送りし、グローバルチームに通知しました。","ui"
"Name","Name","이름","الاسم","お名前","ui"
"Phone (with country code)","Phone (with country code)","연락처 (국가번호 포함)","الهاتف (مع رمز الدولة)","電話番号（国番号を含む）","ui"
"Select category","Select category","병원 구분 선택","اختر الفئة","病院区分を選択","ui"
"Tell us about the treatment you're considering","Tell us about the treatment you're considering","고민 중인 시술/수술 등 자유롭게 적어주세요","أخبرنا عن العلاج الذي تفكّر فيه","ご検討中の施術・手術などをご自由にご記入ください","ui"
"I'm not a robot","I'm not a robot","로봇이 아닙니다","لست روبوتاً","私はロボットではありません","ui"
"Start Consultation","Start Consultation","상담 신청","ابدأ الاستشارة","相談を申し込む","ui"
"Comprehensive medical travel to Korea","Comprehensive medical travel to Korea","한국 의료관광 종합 플랫폼","سفر طبي شامل إلى كوريا","韓国医療ツーリズム総合プラットフォーム","ui"
"Curated by CareBridge","Curated by CareBridge","CareBridge 큐레이션","بإشراف CareBridge","CareBridge キュレーション","ui"
"Search treatments, clinics, or concerns","Search treatments, clinics, or concerns","시술·클리닉·증상 검색","ابحث عن العلاجات أو العيادات أو الأعراض","施術・クリニック・症状を検索","ui"
"Search","Search","검색","بحث","検索","ui"
"One journey. One coordinator. One call.","One journey. One coordinator. One call.","하나의 여정. 한 명의 코디네이터. 한 번의 연락.","رحلة واحدة. منسّق واحد. اتصال واحد.","ひとつの旅。ひとりのコーディネーター。ひとつの連絡先。","ui"
"Providers","Providers","파트너 병원","مقدّمو الخدمة","パートナー病院","ui"
"Find trusted Korean providers","Find trusted Korean providers","신뢰할 수 있는 한국 병원","اعثر على مقدّمي خدمة كوريين موثوقين","信頼できる韓国の病院を探す","ui"
"Verified hospitals and clinics with international patient support.","Verified hospitals and clinics with international patient support.","국제 환자 지원이 가능한 검증된 병원·클리닉.","مستشفيات وعيادات موثّقة مع دعم للمرضى الدوليين.","外国人患者サポートが可能な、認証済みの病院・クリニック。","ui"
"View all","View all","전체 보기","عرض الكل","すべて見る","ui"
"Reviews","Reviews","방문자 후기","التقييمات","利用者の口コミ","ui"
"What Our Visitors Say","What Our Visitors Say","방문자들의 후기","ماذا يقول زوّارنا","利用者の声","ui"
"Service","Service","서비스","الخدمة","サービス","ui"
"One visit, complete care","One visit, complete care","한 번의 방문, 모든 케어","زيارة واحدة، رعاية متكاملة","一度の来訪で、すべてのケアを","ui"
"From checkups to procedures, transport, stay and tours — CareBridge Global arranges it all.","From checkups to procedures, transport, stay and tours — CareBridge Global arranges it all.","검진부터 시술, 교통·숙박·투어까지 전 과정을 CareBridge Global이 준비합니다.","من الفحوصات إلى الإجراءات والتنقّل والإقامة والجولات — تتولّى CareBridge Global ترتيب كل ذلك.","検診から施術、交通・宿泊・ツアーまで、すべての工程をCareBridge Globalが手配します。","ui"
"Check-up not found.","Check-up not found.","검진 항목을 찾을 수 없습니다.","لم يتم العثور على الفحص.","検診項目が見つかりません。","ui"
"Back to Health Check-up","Back to Health Check-up","건강검진으로","العودة إلى الفحص الصحي","健康診断へ戻る","ui"
"Book this scan","Book this scan","스캔 예약","احجز هذا الفحص","このスキャンを予約","ui"
"Time","Time","소요 시간","المدة","所要時間","ui"
"What's included","What's included","포함 항목","ما الذي يتضمّنه","含まれる項目","ui"
"Region","Region","지역","المنطقة","地域","ui"
"Date","Date","날짜","التاريخ","日付","ui"
"English Available","English Available","영어 가능","الإنجليزية متاحة","英語対応可","ui"
"Except sold out","Except sold out","품절 제외","باستثناء المنتهية","満席を除く","ui"
"Filter","Filter","필터","تصفية","フィルター","ui"
"Monthly Best","Monthly Best","이달의 인기순","الأكثر رواجاً هذا الشهر","今月の人気順","ui"
"Default","Default","기본순","الترتيب الافتراضي","標準順","ui"
"Deposit ","Deposit ","예약금 ","عربون ","予約金 ","ui"
"Earn 10% Back","Earn 10% Back","10% 적립","استرجع 10%","10%還元","ui"
"Instant Book","Instant Book","즉시 예약","حجز فوري","即時予約","ui"
"Verified Korean hospitals and clinics with multilingual interpreter support — Hangang Medical Center, Songpa, Sinchon and more, JCI-accredited.","Verified Korean hospitals and clinics with multilingual interpreter support — Hangang Medical Center, Songpa, Sinchon and more, JCI-accredited.","JCI·다국어 통역이 가능한 검증된 한국 상급종합병원·전문 클리닉 — 한강·송파·신촌 등.","مستشفيات وعيادات كورية موثّقة مع دعم ترجمة متعدّد اللغات — Hangang Medical Center، وSongpa، وSinchon وغيرها، معتمدة من JCI.","多言語通訳に対応した認証済みの韓国の病院・クリニック — サムスンソウル病院、ソウルアサン病院、セブランス病院など、JCI認証取得。","ui"
"Back","Back","뒤로","رجوع","戻る","ui"
"Explore verified hospitals and clinics with international patient support.","Explore verified hospitals and clinics with international patient support.","국제 환자 지원이 가능한 검증된 병원·클리닉을 둘러보세요.","استكشف مستشفيات وعيادات موثّقة مع دعم للمرضى الدوليين.","外国人患者サポートに対応した認証済みの病院・クリニックをご覧ください。","ui"
"Specialty","Specialty","전문영역","التخصّص","専門分野","ui"
"All specialties","All specialties","전체 전문영역","جميع التخصّصات","すべての専門分野","ui"
"Location","Location","지역","الموقع","地域","ui"
"All locations","All locations","전체 지역","جميع المواقع","すべての地域","ui"
"Languages","Languages","통역 언어","لغات الترجمة","対応言語","ui"
"All languages","All languages","전체 언어","جميع اللغات","すべての言語","ui"
"English support","English support","영어 지원","دعم اللغة الإنجليزية","英語対応","ui"
"International ward","International ward","국제 병동","جناح دولي","国際病棟","ui"
"VIEW PROVIDER","VIEW PROVIDER","병원 보기","عرض المستشفى","病院を見る","ui"
"No providers match your filters.","No providers match your filters.","조건에 맞는 병원이 없습니다.","لا توجد مستشفيات مطابقة لعوامل التصفية.","条件に一致する病院がありません。","ui"
"Provider not found.","Provider not found.","병원을 찾을 수 없습니다.","المستشفى غير موجود.","病院が見つかりませんでした。","ui"
"Back to Providers","Back to Providers","파트너 병원으로","العودة إلى المستشفيات","提携病院一覧へ","ui"
"reviews","reviews","리뷰","تقييمات","レビュー","ui"
"Accreditation","Accreditation","인증","الاعتماد","認証","ui"
"CareBridge coordinator","CareBridge coordinator","CareBridge 전담 코디네이터","منسّق CareBridge المخصص","CareBridge 専任コーディネーター","ui"
"photo","photo","사진","صورة","写真","ui"
"VIEW ALL","VIEW ALL","전체 보기","عرض الكل","すべて見る","ui"
"Hospital photos/GIFs are replaced with real images when admin data is connected.","Hospital photos/GIFs are replaced with real images when admin data is connected.","※ 병원 사진·GIF는 어드민 등록 데이터 연동 시 실제 병원 이미지로 표기됩니다.","※ يتم استبدال صور المستشفى/الصور المتحركة بصور حقيقية عند ربط بيانات لوحة الإدارة.","※ 病院の写真・GIFは、管理者登録データ連携時に実際の病院画像に置き換えられます。","ui"
"Overview","Overview","병원 개요","نظرة عامة","病院概要","ui"
"About","About","병원 소개","عن المستشفى","病院紹介","ui"
"Trust & safety","Trust & safety","신뢰와 안전","الثقة والأمان","信頼と安全","ui"
"Departments","Departments","진료과","الأقسام الطبية","診療科","ui"
"Treatments","Treatments","시술","الإجراءات","施術","ui"
"View treatment","View treatment","시술 상세","تفاصيل الإجراء","施術詳細","ui"
"Saved","Saved","관심시술에 담김","تمت الإضافة إلى المفضلة","お気に入りに追加済み","ui"
"Save","Save","관심시술 담기","إضافة إلى المفضلة","お気に入りに追加","ui"
"Patient nationality and review date appear when admin data is connected.","Patient nationality and review date appear when admin data is connected.","※ 환자 국적·리뷰 등록일은 어드민 등록 데이터 연동 시 표기됩니다.","※ تظهر جنسية المريض وتاريخ التقييم عند ربط بيانات لوحة الإدارة.","※ 患者の国籍・レビュー投稿日は、管理者登録データ連携時に表示されます。","ui"
"Book a visit","Book a visit","예약 신청","حجز زيارة","予約を申し込む","ui"
"Pick a treatment and request a booking — a coordinator confirms the schedule and interpretation with this hospital.","Pick a treatment and request a booking — a coordinator confirms the schedule and interpretation with this hospital.","원하는 시술을 골라 예약을 신청하면, 전담 코디네이터가 이 병원과 일정·통역을 조율해 드립니다.","اختر إجراءً واطلب الحجز — يتولى المنسّق تأكيد الموعد والترجمة مع هذا المستشفى.","ご希望の施術を選んで予約を申し込むと、専任コーディネーターがこの病院と日程・通訳を調整いたします。","ui"
"Request a booking","Request a booking","예약 신청","طلب حجز","予約を申し込む","ui"
"Hospital info","Hospital info","병원 정보","معلومات المستشفى","病院情報","ui"
"Rating","Rating","평점","التقييم","評価","ui"
"Hospital photo gallery","Hospital photo gallery","병원 사진 전체 보기","معرض صور المستشفى","病院写真をすべて見る","ui"
"Close","Close","닫기","إغلاق","閉じる","ui"
"A dedicated coordinator arranges everything around your schedule.","A dedicated coordinator arranges everything around your schedule.","전담 코디네이터가 일정에 맞춰 모든 준비를 도와드립니다.","يتولى منسّق مخصص ترتيب كل شيء وفقًا لجدولك.","専任コーディネーターがお客様のご都合に合わせてすべての準備をお手伝いします。","ui"
"Talk to a coordinator","Talk to a coordinator","상담 신청","طلب استشارة","相談を申し込む","ui"
"Company","Company","회사소개","عن الشركة","会社紹介","ui"
"Contact Us","Contact Us","문의하기","تواصل معنا","お問い合わせ","ui"
"Talk to a CareBridge Global coordinator.","Talk to a CareBridge Global coordinator.","CareBridge Global 코디네이터에게 문의하세요.","تواصل مع منسّق CareBridge Global.","CareBridge Global コーディネーターにお問い合わせください。","ui"
"Checkups, procedures, scheduling — we reply within 24 hours.","Checkups, procedures, scheduling — we reply within 24 hours.","검진·시술·일정 무엇이든 24시간 내 답변드립니다.","الفحوصات والإجراءات والمواعيد — نرد خلال 24 ساعة.","検診・施術・日程など、どんなことでも24時間以内にご返答します。","ui"
"Message received","Message received","접수되었습니다","تم استلام الرسالة","受付が完了しました","ui"
"We'll be in touch shortly.","We'll be in touch shortly.","곧 연락드리겠습니다.","سنتواصل معك قريبًا.","まもなくご連絡いたします。","ui"
"Hospital category","Hospital category","병원 구분","تصنيف المستشفى","病院区分","ui"
"Select","Select","선택하세요","اختر","選択してください","ui"
"Message","Message","문의사항","الرسالة","お問い合わせ内容","ui"
"FAQs on checkups, Revital, payment and refunds.","FAQs on checkups, Revital, payment and refunds.","건강검진·리바이탈·결제·환불 자주 묻는 질문.","الأسئلة الشائعة حول الفحوصات وRevital والدفع والاسترداد.","健康診断・Revital・お支払い・返金に関するよくある質問。","ui"
"Frequently asked questions","Frequently asked questions","자주 묻는 질문","الأسئلة الشائعة","よくある質問","ui"
"Guides and insights on medical travel to Korea.","Guides and insights on medical travel to Korea.","한국 의료관광 가이드와 인사이트.","أدلة ورؤى حول السياحة العلاجية إلى كوريا.","韓国医療ツーリズムのガイドとインサイト。","ui"
"Insights & Guides","Insights & Guides","블로그","المدونة","ブログ","ui"
"Blog","Blog","블로그","المدونة","ブログ","ui"
"Sign in","Sign in","로그인","تسجيل الدخول","ログイン","ui"
"Create account","Create account","회원가입","إنشاء حساب","会員登録","ui"
"Manage your reservations and checkup history.","Manage your reservations and checkup history.","예약과 검진 내역을 관리하세요.","إدارة حجوزاتك وسجل فحوصاتك.","予約と検診履歴を管理しましょう。","ui"
"Continue with Google","Continue with Google","Google로 계속","المتابعة باستخدام Google","Googleで続ける","ui"
"Continue with Apple","Continue with Apple","Apple로 계속","المتابعة باستخدام Apple","Appleで続ける","ui"
"No account? ","No account? ","계정이 없으신가요? ","ليس لديك حساب؟ ","アカウントをお持ちでないですか？ ","ui"
"Have an account? ","Have an account? ","이미 계정이 있으신가요? ","لديك حساب بالفعل؟ ","すでにアカウントをお持ちですか？ ","ui"
"Sign up","Sign up","회원가입","إنشاء حساب","会員登録","ui"
"Prototype — demo auth","Prototype — demo auth","프로토타입 — 데모 인증 (서드파티 동일인 식별·자체가입 정책은 논의 필요)","نموذج أولي — مصادقة تجريبية","プロトタイプ — デモ認証","ui"
"Terms of Service","Terms of Service","이용약관","شروط الخدمة","利用規約","ui"
"Placeholder terms for the prototype demo. Full terms at launch.","Placeholder terms for the prototype demo. Full terms at launch.","본 약관은 프로토타입 데모용 자리표시자입니다. 정식 약관은 출시 시 제공됩니다.","شروط مؤقتة للنموذج التجريبي. تُتاح الشروط الكاملة عند الإطلاق.","本規約はプロトタイプデモ用の仮のものです。正式な規約はリリース時に提供されます。","ui"
"This document is a placeholder for the prototype demo. Full terms will be provided at launch.","This document is a placeholder for the prototype demo. Full terms will be provided at launch.","본 문서는 프로토타입 데모용 자리표시자입니다. 실제 약관은 정식 출시 시 제공됩니다.","هذا المستند مؤقت للنموذج التجريبي. سيتم توفير الشروط الكاملة عند الإطلاق.","本ドキュメントはプロトタイプデモ用の仮のものです。実際の規約は正式リリース時に提供されます。","ui"
"Page not found.","Page not found.","페이지를 찾을 수 없습니다.","الصفحة غير موجودة.","ページが見つかりませんでした。","ui"
"Back home","Back home","홈으로","العودة إلى الرئيسية","ホームへ","ui"
"Recommended","Recommended","추천순","الموصى به","おすすめ順","ui"
"Price","Price","금액순","السعر","価格順","ui"
"Most booked","Most booked","예약 많은 순","الأكثر حجزًا","予約が多い順","ui"
"Most reviewed","Most reviewed","리뷰 많은 순","الأكثر تقييمًا","レビューが多い順","ui"
"Browse treatments at accredited Korean hospitals — bilingual descriptions, transparent pricing.","Browse treatments at accredited Korean hospitals — bilingual descriptions, transparent pricing.","한국 인증 병원의 시술을 둘러보세요 — 이중언어 설명·투명한 가격.","تصفّح الإجراءات في المستشفيات الكورية المعتمدة — أوصاف ثنائية اللغة وأسعار شفافة.","認証を受けた韓国の病院の施術をご覧ください — 二言語対応の説明・透明な価格。","ui"
"Browse every treatment across our partner hospitals — bilingual descriptions, transparent pricing, hospital details on each card.","Browse every treatment across our partner hospitals — bilingual descriptions, transparent pricing, hospital details on each card.","파트너 병원의 모든 시술 — 이중언어 설명, 투명한 가격, 카드마다 병원 정보.","تصفّح جميع الإجراءات لدى مستشفياتنا الشريكة — أوصاف ثنائية اللغة وأسعار شفافة ومعلومات المستشفى على كل بطاقة.","提携病院のすべての施術をご覧ください — 二言語対応の説明、透明な価格、カードごとの病院情報。","ui"
"Search treatments, hospitals, specialties","Search treatments, hospitals, specialties","시술·병원·진료과 검색","ابحث عن الإجراءات والمستشفيات والتخصصات","施術・病院・診療科を検索","ui"
"Category","Category","진료과","القسم الطبي","診療科","ui"
"No treatments match your filters.","No treatments match your filters.","조건에 맞는 시술이 없습니다.","لا توجد إجراءات مطابقة لعوامل التصفية.","条件に一致する施術がありません。","ui"
"All treatments","All treatments","시술 목록","قائمة الإجراءات","施術一覧","ui"
"BEFORE","BEFORE","비포","قبل","ビフォー","ui"
"Options","Options","옵션 항목","الخيارات","オプション項目","ui"
"How the day(s) flow","How the day(s) flow","진행 순서","سير الإجراء","当日の流れ","ui"
"Prepare before you arrive","Prepare before you arrive","도착 전 준비사항","الاستعدادات قبل الوصول","来院前の準備事項","ui"
"Good to know","Good to know","안내사항","معلومات مفيدة","ご案内事項","ui"
"Other treatments you may like","Other treatments you may like","함께 둘러보면 좋은 시술","إجراءات أخرى قد تعجبك","あわせてご覧いただきたい施術","ui"
"Your rate","Your rate","케어브릿지 가격","سعر CareBridge","CareBridge価格","ui"
"List ","List ","정가 ","السعر الأصلي ","定価 ","ui"
"CareBridge rate","CareBridge rate","케어브릿지 금액","سعر CareBridge","CareBridge価格","ui"
"How many bookings do you need?","How many bookings do you need?","몇 명의 예약이 필요한가요?","كم عدد الحجوزات التي تحتاجها؟","何名分の予約が必要ですか？","ui"
"Bookings","Bookings","예약 수","عدد الحجوزات","予約数","ui"
"Saved — View saved","Saved — View saved","관심시술에 담김 · 보기","تمت الإضافة إلى المفضلة · عرض","お気に入りに追加済み · 見る","ui"
"Book this treatment now","Book this treatment now","예약 신청","طلب حجز","予約を申し込む","ui"
"Performed at","Performed at","진료 병원","المستشفى المعالِج","施術病院","ui"
"Treatment not found.","Treatment not found.","시술을 찾을 수 없습니다.","الإجراء غير موجود.","施術が見つかりません。","ui"
"Back to list","Back to list","목록으로","العودة إلى القائمة","一覧に戻る","ui"
"Reservations submitted","Reservations submitted","예약 신청이 접수되었습니다","تم تقديم طلب الحجز","予約申請を受け付けました","ui"
"Each reservation will be confirmed by the hospital separately.","Each reservation will be confirmed by the hospital separately.","각 예약은 병원별로 개별 확인됩니다.","يتم تأكيد كل حجز من قِبل المستشفى بشكل منفصل.","各予約は病院ごとに個別に確認されます。","ui"
"Waiting for hospital","Waiting for hospital","병원 확인 대기중","في انتظار تأكيد المستشفى","病院確認待ち","ui"
"CareBridge price ","CareBridge price ","케어브릿지 금액 ","سعر CareBridge ","CareBridge料金 ","ui"
"Date TBD","Date TBD","희망일 미정","التاريخ غير محدد","希望日未定","ui"
"Name not provided","Name not provided","고객명 미입력","الاسم غير مُدخَل","お名前未入力","ui"
"View all reservations","View all reservations","예약 내역 보기","عرض جميع الحجوزات","予約履歴を見る","ui"
"Booking request","Booking request","예약 신청","طلب حجز","予約申請","ui"
"Your entries autosave as a draft in My bookings.","Your entries autosave as a draft in My bookings.","작성 내용은 자동 저장되며, 마이페이지에 임시저장 상태로 보관됩니다.","تُحفَظ مدخلاتك تلقائيًا كمسودة في حجوزاتي.","入力内容は自動保存され、マイページに一時保存されます。","ui"
"Who is this booking for?","Who is this booking for?","예약자","لمن هذا الحجز؟","予約者","ui"
"For myself","For myself","본인 예약","لنفسي","本人予約","ui"
"For someone else","For someone else","대리 예약","لشخص آخر","代理予約","ui"
"Full name (passport)","Full name (passport)","성함(여권 영문)","الاسم الكامل (كما في جواز السفر)","お名前（パスポート英字）","ui"
"Phone","Phone","연락처","رقم الهاتف","連絡先","ui"
"Date of birth","Date of birth","생년월일","تاريخ الميلاد","生年月日","ui"
"Gender","Gender","성별","الجنس","性別","ui"
"Citizenship","Citizenship","국적","الجنسية","国籍","ui"
"Korean nationals: national health insurance guidance applies.","Korean nationals: national health insurance guidance applies.","국적이 한국인 경우 건강보험 안내가 별도로 적용됩니다.","المواطنون الكوريون: تنطبق إرشادات التأمين الصحي الوطني.","韓国国籍の場合、健康保険に関するご案内が別途適用されます。","ui"
"Passport no. (optional)","Passport no. (optional)","여권번호 (선택)","رقم جواز السفر (اختياري)","パスポート番号（任意）","ui"
"Interpreter language","Interpreter language","통역 필요 언어","لغة المترجم الفوري","通訳が必要な言語","ui"
"Medical & surgical history","Medical & surgical history","병력·수술 이력","التاريخ الطبي والجراحي","既往歴・手術歴","ui"
"Current medications","Current medications","복용 중인 약","الأدوية الحالية","服用中のお薬","ui"
"Allergies","Allergies","알레르기","الحساسية","アレルギー","ui"
"Memo (optional)","Memo (optional)","메모(선택)","ملاحظة (اختياري)","メモ（任意）","ui"
"Options (selection required)","Options (selection required)","옵션 항목 (선택 필수)","الخيارات (الاختيار مطلوب)","オプション項目（選択必須）","ui"
"Hospital reservation","Hospital reservation","병원 예약 정보","حجز المستشفى","病院予約情報","ui"
"Preferred date (1st)","Preferred date (1st)","예약 희망일 1지망","التاريخ المفضل (الأول)","予約希望日（第1希望）","ui"
"Time (1st)","Time (1st)","시간대 1지망","الوقت (الأول)","時間帯（第1希望）","ui"
"Preferred date (2nd)","Preferred date (2nd)","예약 희망일 2지망","التاريخ المفضل (الثاني)","予約希望日（第2希望）","ui"
"Time (2nd)","Time (2nd)","시간대 2지망","الوقت (الثاني)","時間帯（第2希望）","ui"
"Stay in Korea","Stay in Korea","한국 체류 일정","الإقامة في كوريا","韓国滞在スケジュール","ui"
"Arrival in Korea","Arrival in Korea","한국 입국 예정일","الوصول إلى كوريا","韓国入国予定日","ui"
"Departure from Korea","Departure from Korea","한국 출국 예정일","المغادرة من كوريا","韓国出国予定日","ui"
"Add-ons (optional)","Add-ons (optional)","부가 서비스 (선택)","خدمات إضافية (اختياري)","付加サービス（任意）","ui"
"I need hotel booking assistance","I need hotel booking assistance","호텔 예약 도움이 필요합니다","أحتاج إلى مساعدة في حجز الفندق","ホテル予約のサポートが必要です","ui"
"I need airport pickup assistance","I need airport pickup assistance","공항 픽업 도움이 필요합니다","أحتاج إلى مساعدة في الاستقبال من المطار","空港送迎のサポートが必要です","ui"
"You can edit from My bookings after submitting.","You can edit from My bookings after submitting.","예약 신청 후에도 마이페이지에서 수정할 수 있습니다.","يمكنك التعديل من حجوزاتي بعد الإرسال.","予約申請後もマイページから修正できます。","ui"
"Submit booking request","Submit booking request","예약 신청 제출","إرسال طلب الحجز","予約申請を送信","ui"
"My Reservations","My Reservations","예약내역","حجوزاتي","予約履歴","ui"
"My Profile","My Profile","내 프로필","ملفي الشخصي","マイプロフィール","ui"
"My Page","My Page","마이페이지","صفحتي","マイページ","ui"
"Sign out","Sign out","로그아웃","تسجيل الخروج","ログアウト","ui"
"from sign-up · locked","from sign-up · locked","가입정보 연동 · 수정 불가","من التسجيل · غير قابل للتعديل","登録情報と連携 · 変更不可","ui"
"Complete your profile so coordinators can match covered programs and confirm coverage.","Complete your profile so coordinators can match covered programs and confirm coverage.","프로필을 완성하면 코디네이터가 보장 가능한 프로그램을 매칭하고 커버리지를 확인할 수 있습니다.","أكمل ملفك الشخصي ليتمكن المنسقون من مطابقة البرامج المشمولة وتأكيد التغطية.","プロフィールを完成させると、コーディネーターが対象プログラムをマッチングし、カバー範囲を確認できます。","ui"
"Email (= account ID)","Email (= account ID)","Email (= 계정 ID)","البريد الإلكتروني (= معرّف الحساب)","Email（= アカウントID）","ui"
"※ Gender categories under review","※ Gender categories under review","※ 성별 구분 기준 논의 필요","※ فئات الجنس قيد المراجعة","※ 性別区分の基準は検討中です","ui"
"e.g. English","e.g. English","선택","مثال: الإنجليزية","選択","ui"
"Passport number","Passport number","여권번호","رقم جواز السفر","パスポート番号","ui"
"Passport copy","Passport copy","여권 사본","نسخة من جواز السفر","パスポートのコピー","ui"
"Referral code","Referral code","추천 코드","رمز الإحالة","紹介コード","ui"
"Medical / surgical history","Medical / surgical history","병력 / 수술 이력","التاريخ الطبي / الجراحي","既往歴 / 手術歴","ui"
"Save profile","Save profile","프로필 저장","حفظ الملف الشخصي","プロフィールを保存","ui"
"Any time","Any time","시간무관","أي وقت","時間指定なし","ui"
"Morning","Morning","오전","صباحًا","午前","ui"
"Afternoon","Afternoon","오후","بعد الظهر","午後","ui"
"CareBridge is reviewing your booking request.","CareBridge is reviewing your booking request.","케어브릿지이 예약 신청 내용을 확인중이에요","يقوم CareBridge بمراجعة طلب حجزك.","CareBridgeが予約申請の内容を確認しています","ui"
"CareBridge is checking the schedule with the hospital.","CareBridge is checking the schedule with the hospital.","케어브릿지이 병원과 일정을 확인중이에요","يتحقق CareBridge من الموعد مع المستشفى.","CareBridgeが病院と日程を確認しています","ui"
"Your hospital schedule is confirmed.","Your hospital schedule is confirmed.","병원 일정이 확정되었어요","تم تأكيد موعدك في المستشفى.","病院の日程が確定しました","ui"
"How was your visit? Please leave a review.","How was your visit? Please leave a review.","병원 이용 경험이 어땠는지 후기를 남겨주세요","كيف كانت زيارتك؟ يُرجى ترك تقييم.","ご来院はいかがでしたか？レビューをお寄せください","ui"
"This booking was cancelled.","This booking was cancelled.","예약이 취소되었습니다","تم إلغاء هذا الحجز.","この予約はキャンセルされました","ui"
"Draft — please continue your booking.","Draft — please continue your booking.","작성 중인 예약입니다. 이어서 작성해 주세요.","مسودة — يُرجى متابعة حجزك.","作成中の予約です。続けてご入力ください。","ui"
"My bookings","My bookings","예약 내역","حجوزاتي","予約履歴","ui"
"Booking no.","Booking no.","예약번호","رقم الحجز","予約番号","ui"
"Continue","Continue","이어서 작성","متابعة","続けて入力","ui"
"Thanks for the review","Thanks for the review","후기 감사합니다","شكرًا على تقييمك","レビューありがとうございます","ui"
"Leave a review","Leave a review","후기 남기기","اترك تقييمًا","レビューを書く","ui"
"Reservation","Reservation","예약 정보","معلومات الحجز","予約情報","ui"
"Hospital","Hospital","병원명","المستشفى","病院名","ui"
"Treatment","Treatment","시술명","العلاج","施術名","ui"
"Reservations","Reservations","예약 건수","عدد الحجوزات","予約件数","ui"
"Included","Included","포함항목","المشمول","含まれる項目","ui"
"Preferred date / time","Preferred date / time","예약희망일 / 시간대","التاريخ / الوقت المفضل","予約希望日 / 時間帯","ui"
"Preferred date 2 / time","Preferred date 2 / time","예약희망일(2) / 시간대","التاريخ المفضل (الثاني) / الوقت","予約希望日（2） / 時間帯","ui"
"Confirmed date / time","Confirmed date / time","예약 확정일 / 시간","التاريخ / الوقت المؤكد","予約確定日 / 時間","ui"
"Pending","Pending","확정 전","قيد الانتظار","確定前","ui"
"Visitor","Visitor","방문자 정보","معلومات الزائر","来院者情報","ui"
"Full name","Full name","풀네임","الاسم الكامل","フルネーム","ui"
"Email","Email","이메일","البريد الإلكتروني","メールアドレス","ui"
"Interpreter","Interpreter","통역 필요한 언어","المترجم الفوري","通訳が必要な言語","ui"
"Memo","Memo","메모","ملاحظة","メモ","ui"
"Edit request received — applied after admin approval.","Edit request received — applied after admin approval.","수정 요청이 접수되었습니다. 어드민 승인 후 반영됩니다.","تم استلام طلب التعديل — يُطبَّق بعد موافقة المسؤول.","修正リクエストを受け付けました。管理者の承認後に反映されます。","ui"
"Request edit","Request edit","수정하기","طلب تعديل","修正する","ui"
"Cancellation requested","Cancellation requested","취소 요청 접수됨","تم طلب الإلغاء","キャンセルリクエスト受付済み","ui"
"Request cancellation","Request cancellation","예약 취소 요청","طلب إلغاء","予約キャンセルをリクエスト","ui"
"Customers can't change status directly. Edits and cancellations go through admin approval.","Customers can't change status directly. Edits and cancellations go through admin approval.","고객은 예약 상태를 직접 변경할 수 없습니다. 수정·취소는 어드민 승인 절차를 거칩니다.","لا يمكن للعملاء تغيير الحالة مباشرة. تمرّ التعديلات والإلغاءات عبر موافقة المسؤول.","お客様が予約ステータスを直接変更することはできません。修正・キャンセルは管理者の承認手続きを経て行われます。","ui"
"Request an edit","Request an edit","수정 요청","طلب تعديل","修正リクエスト","ui"
"Only these fields can be edited; changes apply after admin approval.","Only these fields can be edited; changes apply after admin approval.","아래 항목만 수정 요청할 수 있으며, 어드민 승인 후 반영됩니다.","هذه الحقول فقط قابلة للتعديل؛ وتُطبَّق التغييرات بعد موافقة المسؤول.","以下の項目のみ修正リクエストが可能で、管理者の承認後に反映されます。","ui"
"Option change request","Option change request","변경을 원하는 선택항목","طلب تغيير الخيار","変更をご希望の選択項目","ui"
"Preferred date 1","Preferred date 1","예약희망일","التاريخ المفضل الأول","予約希望日","ui"
"Time 1","Time 1","시간대","الوقت الأول","時間帯","ui"
"Preferred date 2","Preferred date 2","예약희망일(2)","التاريخ المفضل الثاني","予約希望日（2）","ui"
"Time 2","Time 2","시간대(2)","الوقت الثاني","時間帯（2）","ui"
"Cancel","Cancel","취소","إلغاء","キャンセル","ui"
"Submit edit request","Submit edit request","수정 요청 보내기","إرسال طلب التعديل","修正リクエストを送信","ui"
"Practical guides on checkups, procedures and traveling to Korea for care.","Practical guides on checkups, procedures and traveling to Korea for care.","건강검진·시술·한국 의료관광에 대한 실용 가이드.","أدلة عملية حول الفحوصات والإجراءات والسفر إلى كوريا للعلاج.","健康診断・施術・韓国医療ツーリズムの実用ガイド。","ui"
"BLOG[6].author","Dr. H. Lee","이 원장","د. هـ. لي","イ・H 医師","data.js"
"BLOG[6].title","K-Beauty Dermatology: What to Know Before You Go","K-뷰티 피부과: 가기 전에 알아둘 것","جلدية الجمال الكوري: ما يجب معرفته قبل الذهاب","K-ビューティー皮膚科：行く前に知っておくこと","data.js"
"BLOG[6].excerpt","Lasers, injectables and skin-boosters — how to plan safe, effective treatments on a short trip.","레이저·주사·스킨부스터 — 짧은 일정에서 안전하고 효과적인 시술을 계획하는 법.","الليزر والحقن ومعزّزات البشرة — كيف تخطّط لعلاجات آمنة وفعّالة في رحلة قصيرة.","レーザー・注射・スキンブースター — 短い旅程で安全かつ効果的な施術を計画する方法。","data.js"
"BLOG[6].sections[0].h","Popular treatments","인기 시술","العلاجات الشائعة","人気の施術","data.js"
"BLOG[6].sections[0].p[0]","Laser toning, fractional resurfacing, injectables and skin-boosters lead the menu. Match the treatment to your recovery time — some leave redness for a few days.","레이저 토닝·프락셔널·주사·스킨부스터가 대표적입니다. 회복 시간에 맞춰 시술을 선택하세요. 일부는 며칠간 홍조가 남습니다.","يتصدّر القائمة تفتيح الليزر والتقشير الجزئي والحقن ومعزّزات البشرة. طابِق العلاج مع وقت تعافيك — فبعضها يترك احمراراً لبضعة أيام.","レーザートーニング・フラクショナル・注射・スキンブースターが代表的です。回復時間に合わせて施術を選びましょう。一部は数日間赤みが残ります。","data.js"
"BLOG[6].sections[1].h","Planning a short trip","짧은 일정 계획하기","التخطيط لرحلة قصيرة","短い旅程を計画する","data.js"
"BLOG[6].sections[1].p[0]","Book a consultation first, then space sessions across a few days. CareBridge lines up an English- or Arabic-speaking coordinator so nothing gets lost in translation.","먼저 상담을 예약하고 세션을 며칠에 나눠 배치하세요. 케어브릿지은 영어·아랍어 코디네이터를 배정해 소통 착오를 막습니다.","احجز استشارة أولاً، ثم وزّع الجلسات على عدة أيام. ويوفّر CareBridge منسّقاً يتحدّث الإنجليزية أو العربية حتى لا يضيع شيء في الترجمة.","まず相談を予約し、セッションを数日に分けて配置します。CareBridge は英語・アラビア語対応のコーディネーターを手配し、伝達の行き違いを防ぎます。","data.js"
"BLOG[7].author","Dr. S. Park","박 원장","د. س. بارك","パク・S 医師","data.js"
"BLOG[7].title","Hair Transplant in Korea: Methods and Recovery","한국 모발이식: 방법과 회복","زراعة الشعر في كوريا: الطرق والتعافي","韓国の毛髪移植：方法と回復","data.js"
"BLOG[7].excerpt","FUE vs. FUT, realistic graft counts, and what the first two weeks actually look like.","FUE와 FUT 비교, 현실적인 모낭 수, 그리고 첫 2주 실제 경과.","مقارنة بين FUE وFUT، وأعداد واقعية للبصيلات، وما يبدو عليه الأسبوعان الأولان فعلاً.","FUEとFUTの比較、現実的な移植株数、そして最初の2週間の実際。","data.js"
"BLOG[7].sections[0].h","FUE vs. FUT","FUE와 FUT","FUE مقابل FUT","FUEとFUT","data.js"
"BLOG[7].sections[0].p[0]","FUE extracts individual follicles with no linear scar and a faster return to normal; FUT can move more grafts in one session. Your density goals decide the method.","FUE는 모낭을 하나씩 채취해 선형 흉터가 없고 회복이 빠릅니다. FUT는 한 번에 더 많은 모낭을 옮길 수 있습니다. 원하는 밀도가 방법을 결정합니다.","يستخرج FUE البصيلات فردياً دون ندبة خطية ومع عودة أسرع إلى الحياة الطبيعية؛ بينما يمكن لـ FUT نقل عدد أكبر من البصيلات في جلسة واحدة. وأهداف الكثافة لديك هي التي تحدّد الطريقة.","FUEは毛包を一つずつ採取するため線状の傷跡がなく、回復が早いです。FUTは一度により多くの株を移植できます。希望する密度が方法を決めます。","data.js"
"BLOG[7].sections[1].h","The first two weeks","첫 2주","الأسبوعان الأولان","最初の2週間","data.js"
"BLOG[7].sections[1].p[0]","Expect mild swelling and scabbing that settles within 10–14 days. CareBridge schedules a follow-up check and arranges a cap-friendly recovery stay.","가벼운 부기와 딱지가 10~14일 내 가라앉습니다. 케어브릿지은 경과 확인을 예약하고 모자 착용이 편한 회복 숙소를 마련합니다.","توقّع تورّماً خفيفاً وقشوراً تهدأ خلال 10–14 يوماً. ويحجز CareBridge موعد متابعة ويرتّب إقامة تعافٍ مناسبة لارتداء القبعة.","軽い腫れとかさぶたが10〜14日以内に落ち着きます。CareBridge は経過確認を予約し、帽子を着用しやすい回復用の宿泊先を手配します。","data.js"
"BLOG[8].author","CareBridge Editorial","케어브릿지 편집팀","فريق تحرير CareBridge","CareBridge 編集部","data.js"
"BLOG[8].title","Cancer Screening Packages Explained","암 검진 패키지 완전 정리","شرح باقات الكشف عن السرطان","がん検診パッケージ徹底解説","data.js"
"BLOG[8].excerpt","PET-CT, endoscopy and tumor markers — what each test finds and who should consider it.","PET-CT·내시경·종양표지자 — 각 검사가 무엇을 찾고 누구에게 권장되는지.","التصوير المقطعي بالإصدار البوزيتروني والتنظير ودلالات الأورام — ماذا يكشف كل فحص ولمن يُنصح به.","PET-CT・内視鏡・腫瘍マーカー — 各検査が何を見つけ、誰に勧められるか。","data.js"
"BLOG[8].sections[0].h","What each test finds","각 검사가 찾는 것","ما يكشفه كل فحص","各検査が見つけるもの","data.js"
"BLOG[8].sections[0].p[0]","PET-CT scans the whole body for metabolic hotspots, endoscopy inspects the GI tract directly, and blood tumor markers flag risk to follow up. They work best combined.","PET-CT는 전신의 대사 이상을 스캔하고, 내시경은 소화관을 직접 관찰하며, 혈액 종양표지자는 추적할 위험 신호를 알려줍니다. 함께 조합할 때 가장 효과적입니다.","يمسح التصوير المقطعي بالإصدار البوزيتروني الجسم كله بحثاً عن البؤر الأيضية، ويفحص التنظير الجهاز الهضمي مباشرة، وتشير دلالات الأورام في الدم إلى خطر يستدعي المتابعة. وتعمل بأفضل صورة مجتمعةً.","PET-CTは全身の代謝の異常をスキャンし、内視鏡は消化管を直接観察し、血液の腫瘍マーカーは追跡すべきリスクを示します。組み合わせると最も効果的です。","data.js"
"BLOG[8].sections[1].h","Who should consider it","누구에게 권장될까","لمن يُنصح به","誰に勧められるか","data.js"
"BLOG[8].sections[1].p[0]","Family history, age and lifestyle guide the choice. A coordinator helps you pick a package that screens what matters without over-testing.","가족력·나이·생활습관이 선택 기준입니다. 코디네이터가 과잉검사 없이 꼭 필요한 항목을 검진하는 패키지를 고르도록 돕습니다.","يوجّه التاريخ العائلي والعمر ونمط الحياة الاختيار. ويساعدك المنسّق على اختيار باقة تفحص ما يهمّ دون إفراط في الفحوصات.","家族歴・年齢・生活習慣が選択の基準です。コーディネーターが過剰検査なく必要な項目を検診するパッケージ選びを手伝います。","data.js"
"BLOG[9].author","CareBridge Editorial","케어브릿지 편집팀","فريق تحرير CareBridge","CareBridge 編集部","data.js"
"BLOG[9].title","Payment, Insurance and Costs for Foreign Patients","외국인 환자의 결제·보험·비용","الدفع والتأمين والتكاليف للمرضى الأجانب","外国人患者の支払い・保険・費用","data.js"
"BLOG[9].excerpt","How pricing works, what to bring for insurance claims, and how to avoid surprise charges.","가격이 정해지는 방식, 보험 청구 준비물, 그리고 예상치 못한 비용을 피하는 법.","كيف يُحدَّد السعر، وما تحضره لمطالبات التأمين، وكيف تتجنّب الرسوم المفاجئة.","価格の決まり方、保険請求の持ち物、そして予想外の請求を避ける方法。","data.js"
"BLOG[9].sections[0].h","How pricing works","가격이 정해지는 방식","كيف يُحدَّد السعر","価格の決まり方","data.js"
"BLOG[9].sections[0].p[0]","Elective care is quoted up front, often as a package. Ask whether imaging, anesthesia and follow-ups are included so the estimate matches the final bill.","선택 진료는 대개 패키지로 사전에 견적이 나옵니다. 영상검사·마취·경과관찰 포함 여부를 확인해 견적과 최종 청구가 일치하도록 하세요.","يُسعّر العلاج الاختياري مسبقاً، وغالباً كباقة. اسأل عمّا إذا كان التصوير والتخدير والمتابعات مشمولة حتى يتطابق التقدير مع الفاتورة النهائية.","選択診療は多くの場合パッケージとして事前に見積もられます。画像検査・麻酔・経過観察が含まれるか確認し、見積もりと最終請求が一致するようにしましょう。","data.js"
"BLOG[9].sections[1].h","Insurance claims","보험 청구","مطالبات التأمين","保険請求","data.js"
"BLOG[9].sections[1].p[0]","Keep itemized receipts and the medical report CareBridge issues; most travel and private insurers need both. We can prepare documents in English on request.","항목별 영수증과 케어브릿지이 발급하는 진료 리포트를 보관하세요. 대부분의 여행자·민간 보험이 둘 다 요구합니다. 요청 시 영문 서류를 준비해 드립니다.","احتفظ بالإيصالات المفصّلة وبالتقرير الطبي الذي يصدره CareBridge؛ إذ يطلبهما معظم شركات تأمين السفر والتأمين الخاص. ويمكننا تجهيز المستندات بالإنجليزية عند الطلب.","項目別の領収書と CareBridge が発行する診療レポートを保管してください。多くの旅行・民間保険が両方を必要とします。ご要望に応じて英文書類を準備します。","data.js"
"BLOG[10].author","CareBridge Editorial","케어브릿지 편집팀","فريق تحرير CareBridge","CareBridge 編集部","data.js"
"BLOG[10].title","Choosing a Hospital: Accreditation and Reviews","병원 고르기: 인증과 후기 보는 법","اختيار المستشفى: الاعتماد والمراجعات","病院選び：認証と口コミの見方","data.js"
"BLOG[10].excerpt","How to read accreditations, verify a surgeon's experience, and weigh reviews wisely.","인증을 읽는 법, 의료진 경력 확인, 그리고 후기를 현명하게 판단하는 법.","كيف تقرأ الاعتمادات، وتتحقّق من خبرة الجرّاح، وتزن المراجعات بحكمة.","認証の読み方、医師の経歴確認、そして口コミを賢く判断する方法。","data.js"
"BLOG[10].sections[0].h","What accreditation means","인증이 의미하는 것","ماذا يعني الاعتماد","認証が意味すること","data.js"
"BLOG[10].sections[0].p[0]","Look for government registration for foreign-patient care and, ideally, international accreditation. These signal audited safety and record-keeping standards.","외국인 환자 유치 정부 등록과, 가능하면 국제 인증을 확인하세요. 감사받은 안전·기록관리 기준을 보증합니다.","ابحث عن تسجيل حكومي لرعاية المرضى الأجانب، ويُفضّل اعتماد دولي. فهذه تدلّ على معايير أمان وحفظ سجلات خاضعة للتدقيق.","外国人患者診療の政府登録と、できれば国際認証を確認しましょう。これらは監査された安全・記録管理の基準を示します。","data.js"
"BLOG[10].sections[1].h","Reading reviews wisely","후기를 현명하게 읽기","قراءة المراجعات بحكمة","口コミを賢く読む","data.js"
"BLOG[10].sections[1].p[0]","Weight recent, detailed reviews over star averages, and confirm the surgeon named actually performs your procedure. CareBridge verifies partners before listing them.","별점 평균보다 최근의 구체적인 후기를 중시하고, 언급된 의료진이 실제 그 시술을 하는지 확인하세요. 케어브릿지은 등재 전 파트너를 검증합니다.","رجّح المراجعات الحديثة والمفصّلة على متوسّطات النجوم، وتأكّد من أنّ الجرّاح المذكور يُجري إجراءك فعلاً. ويتحقّق CareBridge من الشركاء قبل إدراجهم.","星の平均より最近の具体的な口コミを重視し、記載された医師が実際にその施術を行うか確認しましょう。CareBridge は掲載前にパートナーを検証します。","data.js"
"BLOG[11].author","CareBridge Editorial","케어브릿지 편집팀","فريق تحرير CareBridge","CareBridge 編集部","data.js"
"BLOG[11].title","Interpreter Services for Medical Visits","의료 방문을 위한 통역 서비스","خدمات الترجمة الفورية للزيارات الطبية","医療受診のための通訳サービス","data.js"
"BLOG[11].excerpt","Why medical interpretation matters, which languages are covered, and how it's arranged.","의료 통역이 중요한 이유, 지원 언어, 그리고 준비되는 방식.","لماذا تهمّ الترجمة الطبية، وما اللغات المشمولة، وكيف تُرتَّب.","医療通訳が重要な理由、対応言語、そして手配される方法。","data.js"
"BLOG[11].sections[0].h","Why it matters","왜 중요한가","لماذا تهمّ","なぜ重要か","data.js"
"BLOG[11].sections[0].p[0]","Consent, symptoms and aftercare instructions leave no room for guesswork. A trained medical interpreter reduces error and helps you decide with confidence.","동의·증상·사후관리 안내는 추측의 여지가 없어야 합니다. 훈련된 의료 통역은 오류를 줄이고 자신 있게 결정하도록 돕습니다.","لا مجال للتخمين في الموافقة والأعراض وتعليمات الرعاية اللاحقة. ويقلّل المترجم الطبي المدرَّب من الأخطاء ويساعدك على اتخاذ القرار بثقة.","同意・症状・術後の指示に推測の余地はありません。訓練された医療通訳は誤りを減らし、自信を持って判断する助けになります。","data.js"
"BLOG[11].sections[1].h","How it's arranged","준비되는 방식","كيف تُرتَّب","手配される方法","data.js"
"BLOG[11].sections[1].p[0]","CareBridge pairs you with an interpreter for English, Arabic and Japanese, in person or on call, matched to your appointments across the whole trip.","케어브릿지은 영어·아랍어·일본어 통역을 대면 또는 전화로 배정하고, 여정 전체의 예약 일정에 맞춰 연결합니다.","يربطك CareBridge بمترجم للإنجليزية والعربية واليابانية، حضورياً أو عبر الهاتف، بما يتوافق مع مواعيدك طوال الرحلة.","CareBridge は英語・アラビア語・日本語の通訳を対面または電話で手配し、旅程全体の予約に合わせて連携します。","data.js"